2026-02-10 19:39:31 | INFO | Project started
2026-02-10 19:39:31 | INFO | Project name: crown_db
2026-02-10 19:39:31 | INFO | Version: 0.0.1
2026-02-10 19:39:31 | INFO | Heights grid: [0, 5, 10, 15, 20, 25]
2026-02-10 19:43:32 | INFO | Starting project: crown_db v0.0.1
2026-02-10 19:43:33 | INFO | Database initialized: data\db\crowns.sqlite3
2026-02-10 19:43:33 | INFO | Heights grid: [0, 5, 10, 15, 20, 25]
2026-02-11 11:48:33 | INFO | Starting project: crown_db v0.0.1
2026-02-11 11:48:33 | INFO | Database ready: data\db\crowns.sqlite3
2026-02-11 11:48:33 | INFO | Imported: D:\Users\Ekateryna\Desktop\Mag_projects\data\raw_images\береза 16м.JPG
2026-02-11 11:48:33 | INFO | Imported: D:\Users\Ekateryna\Desktop\Mag_projects\data\raw_images\Береза 8м.JPG
2026-02-11 11:48:33 | INFO | Import finished. Added 2 images.
2026-02-11 11:54:06 | INFO | Starting project: crown_db v0.0.1
2026-02-11 11:54:06 | INFO | Database ready: data\db\crowns.sqlite3
2026-02-11 12:00:54 | INFO | Starting project: crown_db v0.0.1
2026-02-11 12:00:54 | INFO | Database ready: data\db\crowns.sqlite3
2026-02-11 12:00:56 | INFO | Starting project: crown_db v0.0.1
2026-02-11 12:00:56 | INFO | Database ready: data\db\crowns.sqlite3
2026-02-11 12:02:47 | INFO | Starting project: crown_db v0.0.1
2026-02-11 12:02:47 | INFO | Database ready: data\db\crowns.sqlite3
2026-02-11 12:02:48 | INFO | Opened image 1/2: D:\Users\Ekateryna\Desktop\Mag_projects\data\raw_images\береза 16м.JPG
2026-02-11 12:02:59 | INFO | Center set: (2807, 1066)
2026-02-11 12:03:17 | INFO | Center set: (2769, 1632)
2026-02-11 12:03:19 | INFO | Center set: (2684, 1258)
2026-02-11 12:03:20 | INFO | Center set: (2571, 1747)
2026-02-11 12:03:20 | INFO | Center set: (2524, 1786)
2026-02-11 12:03:21 | INFO | Center set: (2788, 1814)
2026-02-11 12:03:21 | INFO | Center set: (2788, 1814)
2026-02-11 12:03:21 | INFO | Center set: (2788, 1814)
2026-02-11 12:03:22 | INFO | Center set: (2788, 1814)
2026-02-11 12:03:22 | INFO | Center set: (2788, 1814)
2026-02-11 12:03:22 | INFO | Center set: (2788, 1814)
2026-02-11 12:03:23 | INFO | Center set: (2694, 2621)
2026-02-11 12:03:24 | INFO | Theta: 5.0 deg
2026-02-11 12:03:24 | INFO | Theta: 10.0 deg
2026-02-11 12:03:24 | INFO | Theta: 15.0 deg
2026-02-11 12:03:24 | INFO | Theta: 20.0 deg
2026-02-11 12:03:24 | INFO | Theta: 25.0 deg
2026-02-11 12:03:24 | INFO | Theta: 30.0 deg
2026-02-11 12:03:25 | INFO | Theta: 35.0 deg
2026-02-11 12:03:25 | INFO | Theta: 30.0 deg
2026-02-11 12:03:25 | INFO | Theta: 25.0 deg
2026-02-11 12:03:25 | INFO | Theta: 20.0 deg
2026-02-11 12:03:25 | INFO | Theta: 15.0 deg
2026-02-11 12:03:25 | INFO | Theta: 10.0 deg
2026-02-11 12:03:25 | INFO | Theta: 15.0 deg
2026-02-11 12:03:25 | INFO | Theta: 20.0 deg
2026-02-11 12:03:26 | INFO | Theta: 15.0 deg
2026-02-11 12:03:26 | INFO | Theta: 10.0 deg
2026-02-11 12:03:26 | INFO | Theta: 5.0 deg
2026-02-11 12:03:26 | INFO | Theta: -0.0 deg
2026-02-11 12:03:26 | INFO | Theta: -5.0 deg
2026-02-11 12:03:26 | INFO | Theta: -10.0 deg
2026-02-11 12:03:27 | INFO | Theta: -15.0 deg
2026-02-11 12:03:27 | INFO | Theta: -20.0 deg
2026-02-11 12:03:27 | INFO | Theta: -25.0 deg
2026-02-11 12:03:27 | INFO | Theta: -30.0 deg
2026-02-11 12:03:27 | INFO | Theta: -35.0 deg
2026-02-11 12:03:27 | INFO | Theta: -40.0 deg
2026-02-11 12:03:27 | INFO | Theta: -45.0 deg
2026-02-11 12:03:27 | INFO | Theta: -50.0 deg
2026-02-11 12:03:27 | INFO | Theta: -55.0 deg
2026-02-11 12:03:28 | INFO | Theta: -50.0 deg
2026-02-11 12:03:28 | INFO | Theta: -45.0 deg
2026-02-11 12:03:28 | INFO | Theta: -40.0 deg
2026-02-11 12:03:28 | INFO | Theta: -35.0 deg
2026-02-11 12:03:28 | INFO | Theta: -40.0 deg
2026-02-11 12:03:28 | INFO | Theta: -45.0 deg
2026-02-11 12:03:28 | INFO | Theta: -50.0 deg
2026-02-11 12:03:28 | INFO | Theta: -55.0 deg
2026-02-11 12:03:28 | INFO | Theta: -50.0 deg
2026-02-11 12:03:28 | INFO | Theta: -45.0 deg
2026-02-11 12:03:28 | INFO | Theta: -40.0 deg
2026-02-11 12:03:28 | INFO | Theta: -45.0 deg
2026-02-11 12:03:28 | INFO | Theta: -50.0 deg
2026-02-11 12:03:28 | INFO | Theta: -55.0 deg
2026-02-11 12:03:28 | INFO | Theta: -60.0 deg
2026-02-11 12:03:28 | INFO | Theta: -55.0 deg
2026-02-11 12:03:28 | INFO | Theta: -50.0 deg
2026-02-11 12:03:28 | INFO | Theta: -45.0 deg
2026-02-11 12:03:29 | INFO | Theta: -40.0 deg
2026-02-11 12:03:29 | INFO | Theta: -35.0 deg
2026-02-11 12:03:29 | INFO | Theta: -40.0 deg
2026-02-11 12:03:29 | INFO | Theta: -45.0 deg
2026-02-11 12:03:29 | INFO | Theta: -50.0 deg
2026-02-11 12:03:29 | INFO | Theta: -55.0 deg
2026-02-11 12:03:29 | INFO | Theta: -50.0 deg
2026-02-11 12:03:29 | INFO | Theta: -45.0 deg
2026-02-11 12:03:29 | INFO | Theta: -40.0 deg
2026-02-11 12:03:29 | INFO | Theta: -35.0 deg
2026-02-11 12:03:29 | INFO | Theta: -40.0 deg
2026-02-11 12:03:29 | INFO | Theta: -45.0 deg
2026-02-11 12:03:29 | INFO | Theta: -50.0 deg
2026-02-11 12:03:29 | INFO | Theta: -55.0 deg
2026-02-11 12:03:29 | INFO | Theta: -50.0 deg
2026-02-11 12:03:29 | INFO | Theta: -45.0 deg
2026-02-11 12:03:29 | INFO | Theta: -40.0 deg
2026-02-11 12:03:29 | INFO | Theta: -35.0 deg
2026-02-11 12:03:29 | INFO | Theta: -40.0 deg
2026-02-11 12:03:29 | INFO | Theta: -45.0 deg
2026-02-11 12:03:29 | INFO | Theta: -50.0 deg
2026-02-11 12:03:29 | INFO | Theta: -55.0 deg
2026-02-11 12:03:29 | INFO | Theta: -50.0 deg
2026-02-11 12:03:29 | INFO | Theta: -45.0 deg
2026-02-11 12:03:29 | INFO | Theta: -40.0 deg
2026-02-11 12:03:29 | INFO | Theta: -35.0 deg
2026-02-11 12:03:30 | INFO | Theta: -40.0 deg
2026-02-11 12:03:30 | INFO | Theta: -45.0 deg
2026-02-11 12:03:30 | INFO | Theta: -50.0 deg
2026-02-11 12:03:30 | INFO | Theta: -55.0 deg
2026-02-11 12:03:30 | INFO | Theta: -60.0 deg
2026-02-11 12:03:38 | INFO | Center set: (2279, 998)
2026-02-11 12:03:39 | INFO | Center set: (3136, 2179)
2026-02-11 12:03:41 | INFO | Radii set: a=705.7 b=494.0
2026-02-11 12:03:43 | INFO | Radii set: a=920.8 b=644.6
2026-02-11 12:03:43 | INFO | Radii set: a=966.1 b=676.3
2026-02-11 12:03:44 | INFO | Radii set: a=966.1 b=676.3
2026-02-11 12:03:45 | INFO | Radii set: a=1149.0 b=804.3
2026-02-11 12:03:46 | INFO | Radii set: a=956.9 b=669.8
2026-02-11 12:03:46 | INFO | Radii set: a=1134.3 b=794.0
2026-02-11 12:03:47 | INFO | Radii set: a=1168.4 b=817.9
2026-02-11 12:03:48 | INFO | Radii set: a=1168.4 b=817.9
2026-02-11 12:03:48 | INFO | Radii set: a=1168.4 b=817.9
2026-02-11 12:03:49 | INFO | Radii set: a=1168.4 b=817.9
2026-02-11 12:03:53 | INFO | Radii set: a=1166.6 b=816.6
2026-02-11 12:03:55 | INFO | Radii set: a=1166.6 b=816.6
2026-02-11 12:03:56 | INFO | Center set: (2637, 1181)
2026-02-11 12:03:57 | INFO | Center set: (2430, 1286)
2026-02-11 12:03:58 | INFO | Center set: (2825, 1728)
2026-02-11 12:04:00 | INFO | Theta: -65.0 deg
2026-02-11 12:04:00 | INFO | Theta: -70.0 deg
2026-02-11 12:04:00 | INFO | Theta: -75.0 deg
2026-02-11 12:04:01 | INFO | Theta: -80.0 deg
2026-02-11 12:04:01 | INFO | Theta: -85.0 deg
2026-02-11 12:04:01 | INFO | Theta: -90.0 deg
2026-02-11 12:04:01 | INFO | Theta: -95.0 deg
2026-02-11 12:04:01 | INFO | Theta: -100.0 deg
2026-02-11 12:04:01 | INFO | Theta: -105.0 deg
2026-02-11 12:04:01 | INFO | Theta: -110.0 deg
2026-02-11 12:04:01 | INFO | Theta: -115.0 deg
2026-02-11 12:04:02 | INFO | Theta: -120.0 deg
2026-02-11 12:04:02 | INFO | Theta: -125.0 deg
2026-02-11 12:04:02 | INFO | Theta: -130.0 deg
2026-02-11 12:04:02 | INFO | Theta: -135.0 deg
2026-02-11 12:04:02 | INFO | Theta: -140.0 deg
2026-02-11 12:04:02 | INFO | Theta: -145.0 deg
2026-02-11 12:04:02 | INFO | Theta: -150.0 deg
2026-02-11 12:04:02 | INFO | Theta: -155.0 deg
2026-02-11 12:04:02 | INFO | Theta: -160.0 deg
2026-02-11 12:04:03 | INFO | Theta: -165.0 deg
2026-02-11 12:04:03 | INFO | Theta: -170.0 deg
2026-02-11 12:04:03 | INFO | Theta: -175.0 deg
2026-02-11 12:04:03 | INFO | Theta: -180.0 deg
2026-02-11 12:04:03 | INFO | Theta: -185.0 deg
2026-02-11 12:04:03 | INFO | Theta: -190.0 deg
2026-02-11 12:04:03 | INFO | Theta: -195.0 deg
2026-02-11 12:04:03 | INFO | Theta: -190.0 deg
2026-02-11 12:04:03 | INFO | Theta: -185.0 deg
2026-02-11 12:04:03 | INFO | Theta: -180.0 deg
2026-02-11 12:04:03 | INFO | Theta: -175.0 deg
2026-02-11 12:04:04 | INFO | Theta: -170.0 deg
2026-02-11 12:04:04 | INFO | Theta: -165.0 deg
2026-02-11 12:04:08 | INFO | Theta: -170.0 deg
2026-02-11 12:04:08 | INFO | Theta: -175.0 deg
2026-02-11 12:04:08 | INFO | Theta: -180.0 deg
2026-02-11 12:04:08 | INFO | Theta: -185.0 deg
2026-02-11 12:04:08 | INFO | Theta: -190.0 deg
2026-02-11 12:04:08 | INFO | Radii set: a=231.7 b=162.2
2026-02-11 12:04:10 | INFO | Radii set: a=354.5 b=248.1
2026-02-11 12:04:10 | INFO | Radii set: a=366.9 b=256.8
2026-02-11 12:04:11 | INFO | Radii set: a=366.9 b=256.8
2026-02-11 12:04:12 | INFO | Center set: (2760, 1094)
2026-02-11 12:04:13 | INFO | Center set: (2778, 1603)
2026-02-11 12:04:13 | INFO | Radii set: a=9.0 b=6.3
2026-02-11 12:04:15 | INFO | Radii set: a=9.0 b=6.3
2026-02-11 12:04:16 | INFO | Center set: (2581, 1382)
2026-02-11 12:04:18 | INFO | Radii set: a=190.4 b=133.3
2026-02-11 12:04:19 | INFO | Radii set: a=120.9 b=84.6
2026-02-11 12:04:20 | INFO | Radii set: a=215.0 b=150.5
2026-02-11 12:04:21 | INFO | Radii set: a=207.9 b=145.6
2026-02-11 12:04:22 | INFO | Radii set: a=350.6 b=245.4
2026-02-11 12:04:23 | INFO | Center set: (2656, 1306)
2026-02-11 12:04:23 | INFO | Center set: (2995, 1718)
2026-02-11 12:04:24 | INFO | Center set: (2797, 1670)
2026-02-11 12:04:26 | INFO | Radii set: a=403.0 b=282.1
2026-02-11 12:04:27 | INFO | Radii set: a=403.0 b=282.1
2026-02-11 12:04:28 | INFO | Radii set: a=242.3 b=169.6
2026-02-11 12:04:28 | INFO | Radii set: a=242.3 b=169.6
2026-02-11 12:04:30 | INFO | Radii set: a=460.9 b=322.6
2026-02-11 12:04:30 | INFO | Radii set: a=497.8 b=348.5
2026-02-11 12:04:31 | INFO | Radii set: a=599.7 b=419.8
2026-02-11 12:04:32 | INFO | Radii set: a=654.5 b=458.1
2026-02-11 12:04:35 | INFO | Theta: -195.0 deg
2026-02-11 12:04:36 | INFO | Theta: -200.0 deg
2026-02-11 12:04:36 | INFO | Theta: -205.0 deg
2026-02-11 12:04:36 | INFO | Theta: -210.0 deg
2026-02-11 12:04:36 | INFO | Theta: -215.0 deg
2026-02-11 12:04:36 | INFO | Theta: -220.0 deg
2026-02-11 12:04:36 | INFO | Theta: -225.0 deg
2026-02-11 12:04:37 | INFO | Theta: -230.0 deg
2026-02-11 12:04:37 | INFO | Theta: -235.0 deg
2026-02-11 12:04:37 | INFO | Theta: -240.0 deg
2026-02-11 12:04:37 | INFO | Theta: -245.0 deg
2026-02-11 12:04:37 | INFO | Theta: -250.0 deg
2026-02-11 12:04:37 | INFO | Theta: -255.0 deg
2026-02-11 12:04:37 | INFO | Theta: -260.0 deg
2026-02-11 12:04:37 | INFO | Theta: -265.0 deg
2026-02-11 12:04:37 | INFO | Theta: -270.0 deg
2026-02-11 12:07:21 | INFO | Starting project: crown_db v0.0.1
2026-02-11 12:07:21 | INFO | Database ready: data\db\crowns.sqlite3
2026-02-11 12:08:15 | INFO | Starting project: crown_db v0.0.1
2026-02-11 12:08:15 | INFO | Database ready: data\db\crowns.sqlite3
2026-02-11 12:08:20 | INFO | Opened image 1/2: D:\Users\Ekateryna\Desktop\Mag_projects\data\raw_images\береза 16м.JPG
2026-02-11 12:08:33 | INFO | Center set: (2760, 1622)
2026-02-11 12:08:39 | INFO | Radii set: a=487.5 b=341.3
2026-02-11 12:08:43 | INFO | Theta: -5.0 deg
2026-02-11 12:08:44 | INFO | Theta: -10.0 deg
2026-02-11 12:08:44 | INFO | Theta: -15.0 deg
2026-02-11 12:08:44 | INFO | Theta: -20.0 deg
2026-02-11 12:08:44 | INFO | Theta: -25.0 deg
2026-02-11 12:08:44 | INFO | Theta: -30.0 deg
2026-02-11 12:08:44 | INFO | Theta: -35.0 deg
2026-02-11 12:08:44 | INFO | Theta: -40.0 deg
2026-02-11 12:08:44 | INFO | Theta: -45.0 deg
2026-02-11 12:08:45 | INFO | Theta: -50.0 deg
2026-02-11 12:08:45 | INFO | Theta: -55.0 deg
2026-02-11 12:08:45 | INFO | Theta: -60.0 deg
2026-02-11 12:08:45 | INFO | Theta: -65.0 deg
2026-02-11 12:08:45 | INFO | Theta: -70.0 deg
2026-02-11 12:08:45 | INFO | Theta: -75.0 deg
2026-02-11 12:08:45 | INFO | Theta: -80.0 deg
2026-02-11 12:08:45 | INFO | Theta: -85.0 deg
2026-02-11 12:08:46 | INFO | Theta: -90.0 deg
2026-02-11 12:08:54 | INFO | Saved annotation d719b706-4f74-4c33-b3bc-c07c13c2cfe4 for image_id=bacff13e-fd40-4a8f-bf1f-00eb20315f29 tree_id=tree_001
2026-02-11 12:09:04 | INFO | Starting project: crown_db v0.0.1
2026-02-11 12:09:04 | INFO | Database ready: data\db\crowns.sqlite3
2026-02-11 12:11:06 | INFO | Starting project: crown_db v0.0.1
2026-02-11 12:11:06 | INFO | Database ready: data\db\crowns.sqlite3
2026-02-11 12:11:06 | INFO | Opened image 1/2: D:\Users\Ekateryna\Desktop\Mag_projects\data\raw_images\береза 16м.JPG
2026-02-11 12:11:10 | INFO | Center set: (2769, 1642)
2026-02-11 12:11:11 | INFO | Radii set: a=615.0 b=430.5
2026-02-11 12:11:12 | INFO | Theta: -5.0 deg
2026-02-11 12:11:13 | INFO | Theta: -10.0 deg
2026-02-11 12:11:13 | INFO | Theta: -15.0 deg
2026-02-11 12:11:13 | INFO | Theta: -20.0 deg
2026-02-11 12:11:13 | INFO | Theta: -25.0 deg
2026-02-11 12:11:13 | INFO | Theta: -30.0 deg
2026-02-11 12:11:13 | INFO | Theta: -35.0 deg
2026-02-11 12:11:13 | INFO | Theta: -40.0 deg
2026-02-11 12:11:14 | INFO | Theta: -45.0 deg
2026-02-11 12:11:14 | INFO | Theta: -50.0 deg
2026-02-11 12:11:14 | INFO | Theta: -55.0 deg
2026-02-11 12:11:14 | INFO | Theta: -60.0 deg
2026-02-11 12:11:14 | INFO | Theta: -65.0 deg
2026-02-11 12:11:14 | INFO | Theta: -70.0 deg
2026-02-11 12:11:14 | INFO | Theta: -75.0 deg
2026-02-11 12:11:14 | INFO | Theta: -80.0 deg
2026-02-11 12:11:14 | INFO | Theta: -85.0 deg
2026-02-11 12:11:14 | INFO | Theta: -90.0 deg
2026-02-11 12:11:15 | INFO | Theta: -95.0 deg
2026-02-11 12:11:18 | INFO | SAVE pressed
2026-02-11 12:11:18 | INFO | Saved annotation eac028c2-c57d-4bda-87c4-6d9c82038654 for image_id=bacff13e-fd40-4a8f-bf1f-00eb20315f29 tree_id=tree_001
2026-02-11 12:11:24 | INFO | Starting project: crown_db v0.0.1
2026-02-11 12:11:24 | INFO | Database ready: data\db\crowns.sqlite3
2026-02-11 12:13:37 | INFO | Starting project: crown_db v0.0.1
2026-02-11 12:13:37 | INFO | Database ready: data\db\crowns.sqlite3
2026-02-11 12:13:38 | INFO | Built observation 23f403b0-477a-4ac9-9530-af3628ee4134 for annotation d719b706-4f74-4c33-b3bc-c07c13c2cfe4
2026-02-11 12:13:38 | INFO | Built observation 368ddf54-1701-462c-8d99-2765a8fa7c7b for annotation eac028c2-c57d-4bda-87c4-6d9c82038654
2026-02-11 12:13:38 | INFO | Build observations finished. Added 2 observations.
2026-02-11 12:16:56 | INFO | Starting project: crown_db v0.0.1
2026-02-11 12:16:56 | INFO | Database ready: data\db\crowns.sqlite3
2026-02-11 12:16:56 | INFO | Opened image 1/2: D:\Users\Ekateryna\Desktop\Mag_projects\data\raw_images\береза 16м.JPG
2026-02-11 12:16:59 | INFO | Center set: (2731, 1613)
2026-02-11 12:17:02 | INFO | Radii set: a=521.1 b=364.8
2026-02-11 12:17:02 | INFO | Theta: -5.0 deg
2026-02-11 12:17:03 | INFO | Theta: -10.0 deg
2026-02-11 12:17:03 | INFO | Theta: -15.0 deg
2026-02-11 12:17:03 | INFO | Theta: -20.0 deg
2026-02-11 12:17:03 | INFO | Theta: -25.0 deg
2026-02-11 12:17:03 | INFO | Theta: -30.0 deg
2026-02-11 12:17:03 | INFO | Theta: -35.0 deg
2026-02-11 12:17:03 | INFO | Theta: -40.0 deg
2026-02-11 12:17:04 | INFO | Theta: -45.0 deg
2026-02-11 12:17:04 | INFO | Theta: -50.0 deg
2026-02-11 12:17:04 | INFO | Theta: -55.0 deg
2026-02-11 12:17:04 | INFO | Theta: -60.0 deg
2026-02-11 12:17:04 | INFO | Theta: -65.0 deg
2026-02-11 12:17:04 | INFO | Theta: -70.0 deg
2026-02-11 12:17:04 | INFO | Theta: -75.0 deg
2026-02-11 12:17:08 | INFO | SAVE pressed
2026-02-11 12:17:08 | INFO | Saved annotation 3e03d6ff-d4f2-4c57-93fe-e2c07a3c4b2c for image_id=bacff13e-fd40-4a8f-bf1f-00eb20315f29 tree_id=tree_001
2026-02-11 12:17:14 | INFO | Starting project: crown_db v0.0.1
2026-02-11 12:17:14 | INFO | Database ready: data\db\crowns.sqlite3
2026-02-11 12:19:28 | INFO | Starting project: crown_db v0.0.1
2026-02-11 12:19:28 | INFO | Starting project: crown_db v0.0.1
2026-02-11 12:19:45 | INFO | Starting project: crown_db v0.0.1
2026-02-11 12:21:16 | INFO | Starting project: crown_db v0.0.1
2026-02-11 12:21:16 | INFO | Database ready: data\db\crowns.sqlite3
2026-02-11 12:21:16 | INFO | Dedup annotations done. Removed 2 rows.
2026-02-11 12:21:22 | INFO | Starting project: crown_db v0.0.1
2026-02-11 12:21:22 | INFO | Database ready: data\db\crowns.sqlite3
2026-02-11 12:22:35 | INFO | Starting project: crown_db v0.0.1
2026-02-11 12:22:35 | INFO | Database ready: data\db\crowns.sqlite3
2026-02-11 12:26:19 | INFO | Starting project: crown_db v0.0.1
2026-02-11 12:26:19 | INFO | Database ready: data\db\crowns.sqlite3
2026-02-11 12:26:19 | INFO | Opened image 1/2: D:\Users\Ekateryna\Desktop\Mag_projects\data\raw_images\береза 16м.JPG
2026-02-11 12:26:22 | INFO | Center set: (2760, 1622)
2026-02-11 12:26:24 | INFO | Radii set: a=604.1 b=422.9
2026-02-11 12:26:25 | INFO | Theta: -5.0 deg
2026-02-11 12:26:25 | INFO | Theta: -10.0 deg
2026-02-11 12:26:25 | INFO | Theta: -15.0 deg
2026-02-11 12:26:25 | INFO | Theta: -20.0 deg
2026-02-11 12:26:25 | INFO | Theta: -25.0 deg
2026-02-11 12:26:25 | INFO | Theta: -30.0 deg
2026-02-11 12:26:25 | INFO | Theta: -35.0 deg
2026-02-11 12:26:25 | INFO | Theta: -40.0 deg
2026-02-11 12:26:26 | INFO | Theta: -45.0 deg
2026-02-11 12:26:26 | INFO | Theta: -50.0 deg
2026-02-11 12:26:26 | INFO | Theta: -55.0 deg
2026-02-11 12:26:26 | INFO | Theta: -60.0 deg
2026-02-11 12:26:26 | INFO | Theta: -65.0 deg
2026-02-11 12:26:26 | INFO | Theta: -70.0 deg
2026-02-11 12:26:26 | INFO | Theta: -75.0 deg
2026-02-11 12:26:26 | INFO | Theta: -80.0 deg
2026-02-11 12:26:26 | INFO | Theta: -85.0 deg
2026-02-11 12:26:26 | INFO | Theta: -90.0 deg
2026-02-11 12:26:26 | INFO | Theta: -95.0 deg
2026-02-11 12:26:26 | INFO | Theta: -100.0 deg
2026-02-11 12:26:26 | INFO | Theta: -105.0 deg
2026-02-11 12:26:33 | INFO | SAVE pressed
2026-02-11 12:26:33 | INFO | Updated annotation 3e03d6ff-d4f2-4c57-93fe-e2c07a3c4b2c for image_id=bacff13e-fd40-4a8f-bf1f-00eb20315f29 tree_id=tree_001
2026-02-11 12:26:34 | INFO | Saved annotation 7b91fb94-fc35-4320-8a91-072a2df78b2a for image_id=bacff13e-fd40-4a8f-bf1f-00eb20315f29 tree_id=tree_001
2026-02-11 12:26:35 | INFO | Center set: (2760, 1709)
2026-02-11 12:26:37 | INFO | Radii set: a=540.4 b=378.3
2026-02-11 12:26:38 | INFO | Theta: -110.0 deg
2026-02-11 12:26:38 | INFO | Theta: -115.0 deg
2026-02-11 12:26:38 | INFO | Theta: -120.0 deg
2026-02-11 12:26:39 | INFO | Theta: -125.0 deg
2026-02-11 12:26:39 | INFO | Theta: -130.0 deg
2026-02-11 12:26:39 | INFO | Theta: -135.0 deg
2026-02-11 12:26:39 | INFO | Theta: -130.0 deg
2026-02-11 12:26:39 | INFO | Theta: -125.0 deg
2026-02-11 12:26:39 | INFO | Theta: -120.0 deg
2026-02-11 12:26:39 | INFO | Theta: -115.0 deg
2026-02-11 12:26:39 | INFO | Theta: -110.0 deg
2026-02-11 12:26:39 | INFO | Theta: -105.0 deg
2026-02-11 12:26:39 | INFO | Theta: -100.0 deg
2026-02-11 12:26:40 | INFO | Theta: -95.0 deg
2026-02-11 12:26:40 | INFO | Theta: -90.0 deg
2026-02-11 12:26:40 | INFO | Theta: -85.0 deg
2026-02-11 12:26:40 | INFO | Theta: -80.0 deg
2026-02-11 12:26:40 | INFO | Theta: -75.0 deg
2026-02-11 12:26:40 | INFO | Theta: -70.0 deg
2026-02-11 12:26:40 | INFO | Theta: -65.0 deg
2026-02-11 12:26:40 | INFO | Theta: -60.0 deg
2026-02-11 12:26:40 | INFO | Theta: -55.0 deg
2026-02-11 12:26:40 | INFO | Theta: -50.0 deg
2026-02-11 12:26:40 | INFO | Theta: -45.0 deg
2026-02-11 12:26:41 | INFO | Theta: -40.0 deg
2026-02-11 12:26:41 | INFO | Theta: -45.0 deg
2026-02-11 12:26:41 | INFO | Theta: -50.0 deg
2026-02-11 12:26:41 | INFO | Theta: -55.0 deg
2026-02-11 12:26:41 | INFO | Theta: -60.0 deg
2026-02-11 12:26:41 | INFO | Theta: -65.0 deg
2026-02-11 12:26:41 | INFO | Theta: -70.0 deg
2026-02-11 12:26:41 | INFO | Theta: -75.0 deg
2026-02-11 12:26:41 | INFO | Theta: -80.0 deg
2026-02-11 12:26:41 | INFO | Theta: -85.0 deg
2026-02-11 12:26:41 | INFO | Theta: -90.0 deg
2026-02-11 12:26:41 | INFO | Theta: -95.0 deg
2026-02-11 12:26:41 | INFO | Theta: -100.0 deg
2026-02-11 12:26:45 | INFO | SAVE pressed
2026-02-11 12:26:45 | INFO | Updated annotation 3e03d6ff-d4f2-4c57-93fe-e2c07a3c4b2c for image_id=bacff13e-fd40-4a8f-bf1f-00eb20315f29 tree_id=tree_001
2026-02-11 12:26:45 | INFO | Saved annotation d356b3a7-d4d3-4064-a072-38d1adf539fa for image_id=bacff13e-fd40-4a8f-bf1f-00eb20315f29 tree_id=tree_001
2026-02-11 12:26:53 | INFO | Starting project: crown_db v0.0.1
2026-02-11 12:26:53 | INFO | Database ready: data\db\crowns.sqlite3
2026-02-11 12:30:13 | INFO | Starting project: crown_db v0.0.1
2026-02-11 12:30:13 | INFO | Database ready: data\db\crowns.sqlite3
2026-02-11 12:30:13 | INFO | Cleanup observations done. Removed 2 orphan rows.
2026-02-11 12:31:31 | INFO | Starting project: crown_db v0.0.1
2026-02-11 12:31:31 | INFO | Database ready: data\db\crowns.sqlite3
2026-02-11 12:31:31 | INFO | Cleanup observations done. Removed 0 orphan rows.
2026-02-11 12:31:38 | INFO | Starting project: crown_db v0.0.1
2026-02-11 12:31:38 | INFO | Database ready: data\db\crowns.sqlite3
2026-02-11 12:33:17 | INFO | Starting project: crown_db v0.0.1
2026-02-11 12:33:17 | INFO | Database ready: data\db\crowns.sqlite3
2026-02-11 12:33:21 | INFO | Built observation feeba703-1233-4567-8557-6ee25e150ebc for annotation 3e03d6ff-d4f2-4c57-93fe-e2c07a3c4b2c
2026-02-11 12:33:21 | INFO | Build observations finished. Added 1 observations.
2026-02-11 12:33:25 | INFO | Starting project: crown_db v0.0.1
2026-02-11 12:33:25 | INFO | Database ready: data\db\crowns.sqlite3
2026-02-11 12:37:26 | INFO | Starting project: crown_db v0.0.1
2026-02-11 12:37:26 | INFO | Database ready: data\db\crowns.sqlite3
2026-02-11 12:38:15 | INFO | Starting project: crown_db v0.0.1
2026-02-11 12:38:15 | INFO | Database ready: data\db\crowns.sqlite3
2026-02-11 12:44:46 | INFO | Starting project: crown_db v0.0.1
2026-02-11 12:44:46 | INFO | Database ready: data\db\crowns.sqlite3
2026-02-11 12:44:46 | INFO | Opened image 1/2: D:\Users\Ekateryna\Desktop\Mag_projects\data\raw_images\береза 16м.JPG
2026-02-11 12:44:49 | INFO | Center set: (2778, 1651)
2026-02-11 12:44:50 | INFO | SAVE pressed
2026-02-11 12:44:50 | WARNING | Cannot save: ellipse not complete. Set center (LMB) and radii (RMB).
2026-02-11 12:44:54 | INFO | Center set: (2778, 1642)
2026-02-11 12:44:54 | INFO | Radii set: a=5.0 b=5.0
2026-02-11 12:44:55 | INFO | Theta: -5.0 deg
2026-02-11 12:44:56 | INFO | Theta: -10.0 deg
2026-02-11 12:44:56 | INFO | SAVE pressed
2026-02-11 12:44:56 | INFO | Updated annotation 3e03d6ff-d4f2-4c57-93fe-e2c07a3c4b2c for image_id=bacff13e-fd40-4a8f-bf1f-00eb20315f29 tree_id=tree_001
2026-02-11 12:44:56 | INFO | Old observation removed for annotation 3e03d6ff-d4f2-4c57-93fe-e2c07a3c4b2c
2026-02-11 12:44:57 | INFO | Observation rebuilt: obs_id=84389c89-0023-421e-88c2-eec00ae5853b for annotation_id=3e03d6ff-d4f2-4c57-93fe-e2c07a3c4b2c
2026-02-11 12:44:57 | INFO | Auto rebuild observation done. New obs_id=84389c89-0023-421e-88c2-eec00ae5853b
2026-02-11 12:44:59 | INFO | Center set: (2873, 1555)
2026-02-11 12:45:00 | INFO | Radii set: a=577.6 b=404.3
2026-02-11 12:45:02 | INFO | Theta: -15.0 deg
2026-02-11 12:45:02 | INFO | Theta: -20.0 deg
2026-02-11 12:45:02 | INFO | Theta: -25.0 deg
2026-02-11 12:45:02 | INFO | Theta: -30.0 deg
2026-02-11 12:45:02 | INFO | Theta: -35.0 deg
2026-02-11 12:45:02 | INFO | Theta: -40.0 deg
2026-02-11 12:45:02 | INFO | Theta: -45.0 deg
2026-02-11 12:45:03 | INFO | Theta: -50.0 deg
2026-02-11 12:45:03 | INFO | Theta: -55.0 deg
2026-02-11 12:45:03 | INFO | Theta: -60.0 deg
2026-02-11 12:45:03 | INFO | Theta: -65.0 deg
2026-02-11 12:45:03 | INFO | Theta: -70.0 deg
2026-02-11 12:45:03 | INFO | Theta: -75.0 deg
2026-02-11 12:45:03 | INFO | Theta: -80.0 deg
2026-02-11 12:45:03 | INFO | Theta: -85.0 deg
2026-02-11 12:45:03 | INFO | Theta: -90.0 deg
2026-02-11 12:45:03 | INFO | Theta: -95.0 deg
2026-02-11 12:45:03 | INFO | Theta: -100.0 deg
2026-02-11 12:45:03 | INFO | Theta: -105.0 deg
2026-02-11 12:45:03 | INFO | Theta: -110.0 deg
2026-02-11 12:45:04 | INFO | Theta: -115.0 deg
2026-02-11 12:45:04 | INFO | Theta: -120.0 deg
2026-02-11 12:45:04 | INFO | Theta: -125.0 deg
2026-02-11 12:45:05 | INFO | SAVE pressed
2026-02-11 12:45:05 | INFO | Updated annotation 3e03d6ff-d4f2-4c57-93fe-e2c07a3c4b2c for image_id=bacff13e-fd40-4a8f-bf1f-00eb20315f29 tree_id=tree_001
2026-02-11 12:45:06 | INFO | Old observation removed for annotation 3e03d6ff-d4f2-4c57-93fe-e2c07a3c4b2c
2026-02-11 12:45:06 | INFO | Observation rebuilt: obs_id=e995ffdd-d345-42a1-9eb8-c7825225d66e for annotation_id=3e03d6ff-d4f2-4c57-93fe-e2c07a3c4b2c
2026-02-11 12:45:06 | INFO | Auto rebuild observation done. New obs_id=e995ffdd-d345-42a1-9eb8-c7825225d66e
2026-02-11 12:45:12 | INFO | Starting project: crown_db v0.0.1
2026-02-11 12:45:12 | INFO | Database ready: data\db\crowns.sqlite3
2026-02-11 12:45:43 | INFO | Starting project: crown_db v0.0.1
2026-02-11 12:45:43 | INFO | Database ready: data\db\crowns.sqlite3
2026-02-11 12:45:43 | INFO | Opened image 1/2: D:\Users\Ekateryna\Desktop\Mag_projects\data\raw_images\береза 16м.JPG
2026-02-11 12:45:49 | INFO | Center set: (2729, 1647)
2026-02-11 12:45:51 | INFO | Radii set: a=498.0 b=348.6
2026-02-11 12:45:52 | INFO | Theta: -5.0 deg
2026-02-11 12:45:52 | INFO | Theta: -10.0 deg
2026-02-11 12:45:52 | INFO | Theta: -15.0 deg
2026-02-11 12:45:52 | INFO | Theta: -20.0 deg
2026-02-11 12:45:52 | INFO | Theta: -25.0 deg
2026-02-11 12:45:52 | INFO | Theta: -30.0 deg
2026-02-11 12:45:52 | INFO | Theta: -35.0 deg
2026-02-11 12:45:52 | INFO | Theta: -40.0 deg
2026-02-11 12:45:52 | INFO | Theta: -45.0 deg
2026-02-11 12:45:52 | INFO | Theta: -50.0 deg
2026-02-11 12:45:53 | INFO | Theta: -55.0 deg
2026-02-11 12:45:53 | INFO | Theta: -60.0 deg
2026-02-11 12:45:53 | INFO | Theta: -65.0 deg
2026-02-11 12:45:53 | INFO | Theta: -70.0 deg
2026-02-11 12:45:53 | INFO | Theta: -75.0 deg
2026-02-11 12:45:53 | INFO | Theta: -80.0 deg
2026-02-11 12:45:53 | INFO | Theta: -85.0 deg
2026-02-11 12:45:53 | INFO | Theta: -90.0 deg
2026-02-11 12:45:54 | INFO | Theta: -95.0 deg
2026-02-11 12:45:54 | INFO | Theta: -100.0 deg
2026-02-11 12:45:56 | INFO | SAVE pressed
2026-02-11 12:45:56 | INFO | Updated annotation 3e03d6ff-d4f2-4c57-93fe-e2c07a3c4b2c for image_id=bacff13e-fd40-4a8f-bf1f-00eb20315f29 tree_id=tree_001
2026-02-11 12:45:56 | INFO | Old observation removed for annotation 3e03d6ff-d4f2-4c57-93fe-e2c07a3c4b2c
2026-02-11 12:45:56 | INFO | Observation rebuilt: obs_id=13f027e7-f561-4be2-8d72-8b39559aa723 for annotation_id=3e03d6ff-d4f2-4c57-93fe-e2c07a3c4b2c
2026-02-11 12:45:56 | INFO | Auto rebuild observation done. New obs_id=13f027e7-f561-4be2-8d72-8b39559aa723
2026-02-11 12:45:59 | INFO | Center set: (2800, 1674)
2026-02-11 12:46:02 | INFO | Radii set: a=592.5 b=414.8
2026-02-11 12:46:04 | INFO | Theta: -95.0 deg
2026-02-11 12:46:04 | INFO | Theta: -90.0 deg
2026-02-11 12:46:05 | INFO | Theta: -95.0 deg
2026-02-11 12:46:05 | INFO | Theta: -100.0 deg
2026-02-11 12:46:05 | INFO | Theta: -105.0 deg
2026-02-11 12:46:05 | INFO | Theta: -110.0 deg
2026-02-11 12:46:06 | INFO | Theta: -115.0 deg
2026-02-11 12:46:06 | INFO | Theta: -120.0 deg
2026-02-11 12:46:07 | INFO | Theta: -115.0 deg
2026-02-11 12:46:07 | INFO | Theta: -110.0 deg
2026-02-11 12:46:07 | INFO | Theta: -105.0 deg
2026-02-11 12:46:07 | INFO | Theta: -100.0 deg
2026-02-11 12:46:08 | INFO | Theta: -95.0 deg
2026-02-11 12:46:08 | INFO | Theta: -90.0 deg
2026-02-11 12:46:08 | INFO | Theta: -85.0 deg
2026-02-11 12:46:08 | INFO | Theta: -80.0 deg
2026-02-11 12:46:08 | INFO | Theta: -75.0 deg
2026-02-11 12:46:08 | INFO | Theta: -70.0 deg
2026-02-11 12:46:09 | INFO | Theta: -75.0 deg
2026-02-11 12:46:09 | INFO | Theta: -80.0 deg
2026-02-11 12:46:09 | INFO | Theta: -85.0 deg
2026-02-11 12:46:09 | INFO | Theta: -90.0 deg
2026-02-11 12:46:09 | INFO | Theta: -95.0 deg
2026-02-11 12:46:09 | INFO | Theta: -100.0 deg
2026-02-11 12:46:09 | INFO | Theta: -105.0 deg
2026-02-11 12:46:10 | INFO | SAVE pressed
2026-02-11 12:46:10 | INFO | Updated annotation 3e03d6ff-d4f2-4c57-93fe-e2c07a3c4b2c for image_id=bacff13e-fd40-4a8f-bf1f-00eb20315f29 tree_id=tree_001
2026-02-11 12:46:10 | INFO | Old observation removed for annotation 3e03d6ff-d4f2-4c57-93fe-e2c07a3c4b2c
2026-02-11 12:46:10 | INFO | Observation rebuilt: obs_id=2badab76-21ed-4e94-a037-b21b601fda4d for annotation_id=3e03d6ff-d4f2-4c57-93fe-e2c07a3c4b2c
2026-02-11 12:46:10 | INFO | Auto rebuild observation done. New obs_id=2badab76-21ed-4e94-a037-b21b601fda4d
2026-02-11 12:46:20 | INFO | Starting project: crown_db v0.0.1
2026-02-11 12:46:20 | INFO | Database ready: data\db\crowns.sqlite3
2026-02-11 12:46:38 | INFO | Starting project: crown_db v0.0.1
2026-02-11 12:46:38 | INFO | Database ready: data\db\crowns.sqlite3
2026-02-11 12:46:39 | INFO | Opened image 1/2: D:\Users\Ekateryna\Desktop\Mag_projects\data\raw_images\береза 16м.JPG
2026-02-11 12:46:41 | INFO | Center set: (2743, 1665)
2026-02-11 12:46:42 | INFO | Radii set: a=464.4 b=325.1
2026-02-11 12:46:42 | INFO | Theta: -5.0 deg
2026-02-11 12:46:42 | INFO | Theta: -10.0 deg
2026-02-11 12:46:43 | INFO | Theta: -15.0 deg
2026-02-11 12:46:43 | INFO | Theta: -20.0 deg
2026-02-11 12:46:43 | INFO | Theta: -25.0 deg
2026-02-11 12:46:45 | INFO | SAVE pressed
2026-02-11 12:46:45 | INFO | Updated annotation 3e03d6ff-d4f2-4c57-93fe-e2c07a3c4b2c for image_id=bacff13e-fd40-4a8f-bf1f-00eb20315f29 tree_id=tree_001
2026-02-11 12:46:45 | INFO | Old observation removed for annotation 3e03d6ff-d4f2-4c57-93fe-e2c07a3c4b2c
2026-02-11 12:46:45 | INFO | Observation rebuilt: obs_id=97919b8f-7452-417f-964e-2a69a4128da7 for annotation_id=3e03d6ff-d4f2-4c57-93fe-e2c07a3c4b2c
2026-02-11 12:46:45 | INFO | Auto rebuild observation done. New obs_id=97919b8f-7452-417f-964e-2a69a4128da7
2026-02-11 12:46:50 | INFO | Starting project: crown_db v0.0.1
2026-02-11 12:46:50 | INFO | Database ready: data\db\crowns.sqlite3
2026-02-11 17:04:02 | INFO | Starting project: crown_db v0.0.1
2026-02-11 17:04:02 | INFO | Database ready: data\db\crowns.sqlite3
2026-02-11 17:04:02 | INFO | Opened image 1/2: D:\Users\Ekateryna\Desktop\Mag_projects\data\raw_images\береза 16м.JPG
2026-02-11 17:04:10 | INFO | Center set: (2743, 1624)
2026-02-11 17:04:12 | INFO | Radii set: a=551.3 b=385.9
2026-02-11 17:04:26 | INFO | Theta: -5.0 deg
2026-02-11 17:04:26 | INFO | Theta: -10.0 deg
2026-02-11 17:04:26 | INFO | Theta: -15.0 deg
2026-02-11 17:04:26 | INFO | Theta: -20.0 deg
2026-02-11 17:04:26 | INFO | Theta: -25.0 deg
2026-02-11 17:04:26 | INFO | Theta: -30.0 deg
2026-02-11 17:04:26 | INFO | Theta: -35.0 deg
2026-02-11 17:04:26 | INFO | Theta: -40.0 deg
2026-02-11 17:04:27 | INFO | Theta: -45.0 deg
2026-02-11 17:04:27 | INFO | Theta: -50.0 deg
2026-02-11 17:04:27 | INFO | Theta: -55.0 deg
2026-02-11 17:04:27 | INFO | Theta: -60.0 deg
2026-02-11 17:04:27 | INFO | Theta: -65.0 deg
2026-02-11 17:04:27 | INFO | Theta: -70.0 deg
2026-02-11 17:04:27 | INFO | Theta: -75.0 deg
2026-02-11 17:04:27 | INFO | Theta: -80.0 deg
2026-02-11 17:04:28 | INFO | Theta: -85.0 deg
2026-02-11 17:04:28 | INFO | Theta: -90.0 deg
2026-02-11 17:04:28 | INFO | Theta: -95.0 deg
2026-02-11 17:04:28 | INFO | Theta: -100.0 deg
2026-02-11 17:04:28 | INFO | Theta: -105.0 deg
2026-02-11 17:04:28 | INFO | Theta: -110.0 deg
2026-02-11 17:04:29 | INFO | Theta: -115.0 deg
2026-02-11 17:04:29 | INFO | Theta: -120.0 deg
2026-02-11 17:04:30 | INFO | SAVE pressed
2026-02-11 17:04:30 | INFO | Updated annotation 3e03d6ff-d4f2-4c57-93fe-e2c07a3c4b2c for image_id=bacff13e-fd40-4a8f-bf1f-00eb20315f29 tree_id=tree_001
2026-02-11 17:04:30 | INFO | Old observation removed for annotation 3e03d6ff-d4f2-4c57-93fe-e2c07a3c4b2c
2026-02-11 17:04:31 | INFO | Observation rebuilt: obs_id=46172951-7e32-4ae8-890a-99942ab5d04f for annotation_id=3e03d6ff-d4f2-4c57-93fe-e2c07a3c4b2c
2026-02-11 17:04:31 | INFO | Auto rebuild observation done. New obs_id=46172951-7e32-4ae8-890a-99942ab5d04f
2026-02-11 17:04:51 | INFO | Starting project: crown_db v0.0.1
2026-02-11 17:04:51 | INFO | Database ready: data\db\crowns.sqlite3
2026-02-11 17:05:23 | INFO | Starting project: crown_db v0.0.1
2026-02-11 17:05:23 | INFO | Database ready: data\db\crowns.sqlite3
2026-02-11 17:05:35 | INFO | Starting project: crown_db v0.0.1
2026-02-11 17:05:35 | INFO | Database ready: data\db\crowns.sqlite3
2026-02-12 13:30:04 | INFO | Starting project: crown_db v0.0.1
2026-02-12 13:30:04 | INFO | Database ready: data\db\crowns.sqlite3
2026-02-12 13:31:12 | INFO | Starting project: crown_db v0.0.1
2026-02-12 13:31:12 | INFO | Database ready: data\db\crowns.sqlite3
2026-02-12 13:31:12 | INFO | Skip: observation already exists for annotation 3e03d6ff-d4f2-4c57-93fe-e2c07a3c4b2c
2026-02-12 13:31:12 | INFO | Build observations finished. Added 0 observations.
2026-02-12 13:31:42 | INFO | Starting project: crown_db v0.0.1
2026-02-12 13:31:42 | INFO | Database ready: data\db\crowns.sqlite3
2026-02-12 13:31:42 | INFO | Backfill obs_height done. Updated rows: 1
2026-02-12 13:33:00 | INFO | Starting project: crown_db v0.0.1
2026-02-12 13:33:00 | INFO | Database ready: data\db\crowns.sqlite3
2026-02-12 13:35:05 | INFO | Starting project: crown_db v0.0.1
2026-02-12 13:35:05 | INFO | Database ready: data\db\crowns.sqlite3
2026-02-12 13:35:05 | INFO | Set flight_altitude=16.00 for D:\Users\Ekateryna\Desktop\Mag_projects\data\raw_images\береза 16м.JPG
2026-02-12 13:35:05 | INFO | Set flight_altitude=8.00 for D:\Users\Ekateryna\Desktop\Mag_projects\data\raw_images\Береза 8м.JPG
2026-02-12 13:35:05 | INFO | fill_flight_altitude_from_filename: updated=2
2026-02-12 13:35:11 | INFO | Starting project: crown_db v0.0.1
2026-02-12 13:35:11 | INFO | Database ready: data\db\crowns.sqlite3
2026-02-12 13:35:11 | INFO | Backfill obs_height done. Updated rows: 1
2026-02-12 13:35:15 | INFO | Starting project: crown_db v0.0.1
2026-02-12 13:35:15 | INFO | Database ready: data\db\crowns.sqlite3
2026-02-12 13:39:40 | INFO | Starting project: crown_db v0.0.1
2026-02-12 13:39:41 | INFO | Database ready: data\db\crowns.sqlite3
2026-02-12 13:39:41 | INFO | build_levels done. Upserted 1 rows.
2026-02-12 13:39:45 | INFO | Starting project: crown_db v0.0.1
2026-02-12 13:39:45 | INFO | Database ready: data\db\crowns.sqlite3
2026-02-12 13:42:07 | INFO | Starting project: crown_db v0.0.1
2026-02-12 13:42:07 | INFO | Database ready: data\db\crowns.sqlite3
2026-02-12 13:42:07 | INFO | Normalized level: tree_id=tree_001 h_level=15.0 -> data\roi_norm\tree_001_15.png
2026-02-12 13:42:08 | INFO | normalize_scale done. Processed=1
2026-02-12 13:42:15 | INFO | Starting project: crown_db v0.0.1
2026-02-12 13:42:15 | INFO | Database ready: data\db\crowns.sqlite3
2026-02-12 13:44:39 | INFO | Starting project: crown_db v0.0.1
2026-02-12 13:44:39 | INFO | Database ready: data\db\crowns.sqlite3
2026-02-12 13:44:40 | INFO | Opened image 1/2: D:\Users\Ekateryna\Desktop\Mag_projects\data\raw_images\береза 16м.JPG
2026-02-12 13:44:45 | INFO | Center set: (2743, 1674)
2026-02-12 13:44:48 | INFO | Radii set: a=425.2 b=297.7
2026-02-12 13:44:51 | INFO | Radii set: a=602.2 b=421.5
2026-02-12 13:44:52 | INFO | Theta: -5.0 deg
2026-02-12 13:44:52 | INFO | Theta: -10.0 deg
2026-02-12 13:44:52 | INFO | Theta: -15.0 deg
2026-02-12 13:44:52 | INFO | Theta: -20.0 deg
2026-02-12 13:44:52 | INFO | Theta: -25.0 deg
2026-02-12 13:44:52 | INFO | Theta: -30.0 deg
2026-02-12 13:44:52 | INFO | Theta: -35.0 deg
2026-02-12 13:44:52 | INFO | Theta: -40.0 deg
2026-02-12 13:44:53 | INFO | Theta: -45.0 deg
2026-02-12 13:44:53 | INFO | Theta: -50.0 deg
2026-02-12 13:44:53 | INFO | Theta: -55.0 deg
2026-02-12 13:44:53 | INFO | Theta: -60.0 deg
2026-02-12 13:44:53 | INFO | Theta: -65.0 deg
2026-02-12 13:44:53 | INFO | Theta: -70.0 deg
2026-02-12 13:44:53 | INFO | Theta: -75.0 deg
2026-02-12 13:44:53 | INFO | Theta: -80.0 deg
2026-02-12 13:44:53 | INFO | Theta: -85.0 deg
2026-02-12 13:44:53 | INFO | Theta: -90.0 deg
2026-02-12 13:44:53 | INFO | Theta: -95.0 deg
2026-02-12 13:44:54 | INFO | Theta: -100.0 deg
2026-02-12 13:44:55 | INFO | Radii set: a=522.5 b=365.7
2026-02-12 13:44:56 | INFO | Radii set: a=578.1 b=404.7
2026-02-12 13:44:58 | INFO | SAVE pressed
2026-02-12 13:44:58 | INFO | Updated annotation 3e03d6ff-d4f2-4c57-93fe-e2c07a3c4b2c for image_id=bacff13e-fd40-4a8f-bf1f-00eb20315f29 tree_id=tree_001
2026-02-12 13:44:58 | INFO | Old observation removed for annotation 3e03d6ff-d4f2-4c57-93fe-e2c07a3c4b2c
2026-02-12 13:44:59 | INFO | Observation rebuilt: obs_id=a5e2373d-f08e-4be7-a150-2493b8b49e46 for annotation_id=3e03d6ff-d4f2-4c57-93fe-e2c07a3c4b2c (obs_height=16.0)
2026-02-12 13:44:59 | INFO | Auto rebuild observation done. New obs_id=a5e2373d-f08e-4be7-a150-2493b8b49e46
2026-02-12 13:45:17 | INFO | Starting project: crown_db v0.0.1
2026-02-12 13:45:17 | INFO | Database ready: data\db\crowns.sqlite3
2026-02-12 13:45:17 | INFO | Opened image 1/2: D:\Users\Ekateryna\Desktop\Mag_projects\data\raw_images\береза 16м.JPG
2026-02-12 13:45:28 | INFO | Opened image 1/2: D:\Users\Ekateryna\Desktop\Mag_projects\data\raw_images\береза 16м.JPG
2026-02-12 13:45:29 | INFO | Opened image 1/2: D:\Users\Ekateryna\Desktop\Mag_projects\data\raw_images\береза 16м.JPG
2026-02-12 13:45:30 | INFO | Opened image 2/2: D:\Users\Ekateryna\Desktop\Mag_projects\data\raw_images\Береза 8м.JPG
2026-02-12 13:45:31 | INFO | Theta: -5.0 deg
2026-02-12 13:45:32 | INFO | Theta: -10.0 deg
2026-02-12 13:45:43 | INFO | Theta: -15.0 deg
2026-02-12 13:45:43 | INFO | Theta: -20.0 deg
2026-02-12 13:45:47 | INFO | Center set: (2726, 2252)
2026-02-12 13:45:49 | INFO | Radii set: a=1482.7 b=1037.9
2026-02-12 13:45:50 | INFO | Theta: -25.0 deg
2026-02-12 13:45:50 | INFO | Theta: -30.0 deg
2026-02-12 13:45:50 | INFO | Theta: -35.0 deg
2026-02-12 13:45:51 | INFO | Theta: -40.0 deg
2026-02-12 13:45:51 | INFO | Theta: -45.0 deg
2026-02-12 13:45:51 | INFO | Theta: -50.0 deg
2026-02-12 13:45:51 | INFO | Theta: -55.0 deg
2026-02-12 13:45:51 | INFO | Theta: -60.0 deg
2026-02-12 13:45:51 | INFO | Theta: -65.0 deg
2026-02-12 13:45:51 | INFO | Theta: -70.0 deg
2026-02-12 13:45:51 | INFO | Theta: -75.0 deg
2026-02-12 13:45:52 | INFO | Theta: -80.0 deg
2026-02-12 13:45:52 | INFO | Theta: -85.0 deg
2026-02-12 13:45:56 | INFO | SAVE pressed
2026-02-12 13:45:56 | INFO | Inserted annotation cdb9f421-5ca3-4871-9682-72b84bbd6228 for image_id=db48cfc0-6747-409d-999c-c9115342a280 tree_id=tree_001
2026-02-12 13:45:57 | INFO | Observation rebuilt: obs_id=d9880392-f5fb-4888-97ed-39bd82a25e6d for annotation_id=cdb9f421-5ca3-4871-9682-72b84bbd6228 (obs_height=8.0)
2026-02-12 13:45:57 | INFO | Auto rebuild observation done. New obs_id=d9880392-f5fb-4888-97ed-39bd82a25e6d
2026-02-12 13:46:15 | INFO | Starting project: crown_db v0.0.1
2026-02-12 13:46:15 | INFO | Database ready: data\db\crowns.sqlite3
2026-02-12 13:46:32 | INFO | Starting project: crown_db v0.0.1
2026-02-12 13:46:32 | INFO | Database ready: data\db\crowns.sqlite3
2026-02-12 13:46:32 | INFO | Backfill obs_height done. Updated rows: 0
2026-02-12 13:46:44 | INFO | Starting project: crown_db v0.0.1
2026-02-12 13:46:44 | INFO | Database ready: data\db\crowns.sqlite3
2026-02-12 13:46:57 | INFO | Starting project: crown_db v0.0.1
2026-02-12 13:46:57 | INFO | Database ready: data\db\crowns.sqlite3
2026-02-12 13:46:57 | INFO | build_levels done. Upserted 2 rows.
2026-02-12 13:47:04 | INFO | Starting project: crown_db v0.0.1
2026-02-12 13:47:04 | INFO | Database ready: data\db\crowns.sqlite3
2026-02-12 13:47:04 | INFO | Normalized level: tree_id=tree_001 h_level=10.0 -> data\roi_norm\tree_001_10.png
2026-02-12 13:47:05 | INFO | normalize_scale done. Processed=1
2026-02-12 13:47:24 | INFO | Starting project: crown_db v0.0.1
2026-02-12 13:47:24 | INFO | Database ready: data\db\crowns.sqlite3
2026-02-12 13:52:13 | INFO | Starting project: crown_db v0.0.1
2026-02-12 13:52:13 | INFO | Database ready: data\db\crowns.sqlite3
2026-02-12 13:52:13 | WARNING | Skipped (maybe duplicate): D:\Users\Ekateryna\Desktop\Mag_projects\data\raw_images\береза 16м.JPG | UNIQUE constraint failed: images.path
2026-02-12 13:52:16 | INFO | Imported: D:\Users\Ekateryna\Desktop\Mag_projects\data\raw_images\береза 25м.JPG
2026-02-12 13:52:16 | WARNING | Skipped (maybe duplicate): D:\Users\Ekateryna\Desktop\Mag_projects\data\raw_images\Береза 8м.JPG | UNIQUE constraint failed: images.path
2026-02-12 13:52:17 | INFO | Import finished. Added 1 images.
2026-02-12 13:52:21 | INFO | Starting project: crown_db v0.0.1
2026-02-12 13:52:21 | INFO | Database ready: data\db\crowns.sqlite3
2026-02-12 13:52:28 | INFO | Starting project: crown_db v0.0.1
2026-02-12 13:52:28 | INFO | Database ready: data\db\crowns.sqlite3
2026-02-12 13:52:28 | INFO | Set flight_altitude=25.00 for D:\Users\Ekateryna\Desktop\Mag_projects\data\raw_images\береза 25м.JPG
2026-02-12 13:52:28 | INFO | fill_flight_altitude_from_filename: updated=1
2026-02-12 13:52:41 | INFO | Starting project: crown_db v0.0.1
2026-02-12 13:52:41 | INFO | Database ready: data\db\crowns.sqlite3
2026-02-12 13:52:58 | INFO | Starting project: crown_db v0.0.1
2026-02-12 13:52:58 | INFO | Database ready: data\db\crowns.sqlite3
2026-02-12 13:52:58 | INFO | Opened image 1/3: D:\Users\Ekateryna\Desktop\Mag_projects\data\raw_images\береза 16м.JPG
2026-02-12 13:53:03 | INFO | Opened image 2/3: D:\Users\Ekateryna\Desktop\Mag_projects\data\raw_images\Береза 8м.JPG
2026-02-12 13:53:04 | INFO | Opened image 3/3: D:\Users\Ekateryna\Desktop\Mag_projects\data\raw_images\береза 25м.JPG
2026-02-12 13:53:08 | INFO | Center set: (2806, 1764)
2026-02-12 13:53:10 | INFO | Radii set: a=284.4 b=199.1
2026-02-12 13:53:11 | INFO | Theta: -5.0 deg
2026-02-12 13:53:11 | INFO | Theta: -10.0 deg
2026-02-12 13:53:11 | INFO | Theta: -15.0 deg
2026-02-12 13:53:11 | INFO | Theta: -20.0 deg
2026-02-12 13:53:11 | INFO | Theta: -25.0 deg
2026-02-12 13:53:11 | INFO | Theta: -30.0 deg
2026-02-12 13:53:11 | INFO | Theta: -35.0 deg
2026-02-12 13:53:11 | INFO | Theta: -40.0 deg
2026-02-12 13:53:12 | INFO | Theta: -45.0 deg
2026-02-12 13:53:12 | INFO | Theta: -50.0 deg
2026-02-12 13:53:12 | INFO | Theta: -55.0 deg
2026-02-12 13:53:12 | INFO | Theta: -60.0 deg
2026-02-12 13:53:12 | INFO | Theta: -65.0 deg
2026-02-12 13:53:12 | INFO | Theta: -70.0 deg
2026-02-12 13:53:12 | INFO | Theta: -75.0 deg
2026-02-12 13:53:12 | INFO | Theta: -80.0 deg
2026-02-12 13:53:12 | INFO | Theta: -85.0 deg
2026-02-12 13:53:12 | INFO | Theta: -90.0 deg
2026-02-12 13:53:12 | INFO | Theta: -95.0 deg
2026-02-12 13:53:12 | INFO | Theta: -100.0 deg
2026-02-12 13:53:12 | INFO | Theta: -105.0 deg
2026-02-12 13:53:13 | INFO | Theta: -110.0 deg
2026-02-12 13:53:14 | INFO | Radii set: a=263.5 b=184.5
2026-02-12 13:53:15 | INFO | Radii set: a=313.8 b=219.7
2026-02-12 13:53:16 | INFO | Theta: -105.0 deg
2026-02-12 13:53:16 | INFO | Theta: -100.0 deg
2026-02-12 13:53:16 | INFO | Theta: -95.0 deg
2026-02-12 13:53:16 | INFO | Theta: -90.0 deg
2026-02-12 13:53:16 | INFO | Theta: -85.0 deg
2026-02-12 13:53:16 | INFO | Theta: -80.0 deg
2026-02-12 13:53:17 | INFO | Theta: -75.0 deg
2026-02-12 13:53:18 | INFO | Theta: -70.0 deg
2026-02-12 13:53:19 | INFO | Radii set: a=283.7 b=198.6
2026-02-12 13:53:21 | INFO | Theta: -75.0 deg
2026-02-12 13:53:21 | INFO | Theta: -80.0 deg
2026-02-12 13:53:21 | INFO | Theta: -85.0 deg
2026-02-12 13:53:21 | INFO | Theta: -90.0 deg
2026-02-12 13:53:21 | INFO | Theta: -95.0 deg
2026-02-12 13:53:21 | INFO | Theta: -100.0 deg
2026-02-12 13:53:21 | INFO | Theta: -105.0 deg
2026-02-12 13:53:21 | INFO | Theta: -110.0 deg
2026-02-12 13:53:21 | INFO | Theta: -115.0 deg
2026-02-12 13:53:21 | INFO | Theta: -120.0 deg
2026-02-12 13:53:21 | INFO | Theta: -125.0 deg
2026-02-12 13:53:21 | INFO | Theta: -130.0 deg
2026-02-12 13:53:22 | INFO | Theta: -135.0 deg
2026-02-12 13:53:22 | INFO | Theta: -140.0 deg
2026-02-12 13:53:23 | INFO | Theta: -145.0 deg
2026-02-12 13:53:23 | INFO | Theta: -150.0 deg
2026-02-12 13:53:23 | INFO | Theta: -155.0 deg
2026-02-12 13:53:23 | INFO | Theta: -160.0 deg
2026-02-12 13:53:23 | INFO | Theta: -165.0 deg
2026-02-12 13:53:23 | INFO | Theta: -170.0 deg
2026-02-12 13:53:23 | INFO | Theta: -175.0 deg
2026-02-12 13:53:23 | INFO | Theta: -180.0 deg
2026-02-12 13:53:23 | INFO | Theta: -185.0 deg
2026-02-12 13:53:24 | INFO | Theta: -190.0 deg
2026-02-12 13:53:24 | INFO | Theta: -195.0 deg
2026-02-12 13:53:24 | INFO | Theta: -200.0 deg
2026-02-12 13:53:24 | INFO | Theta: -205.0 deg
2026-02-12 13:53:24 | INFO | Theta: -210.0 deg
2026-02-12 13:53:24 | INFO | Theta: -215.0 deg
2026-02-12 13:53:24 | INFO | Theta: -220.0 deg
2026-02-12 13:53:24 | INFO | Theta: -225.0 deg
2026-02-12 13:53:24 | INFO | Theta: -230.0 deg
2026-02-12 13:53:24 | INFO | Theta: -235.0 deg
2026-02-12 13:53:24 | INFO | Theta: -240.0 deg
2026-02-12 13:53:24 | INFO | Theta: -245.0 deg
2026-02-12 13:53:24 | INFO | Theta: -250.0 deg
2026-02-12 13:53:26 | INFO | Radii set: a=308.7 b=216.1
2026-02-12 13:53:28 | INFO | Theta: -255.0 deg
2026-02-12 13:53:28 | INFO | Theta: -260.0 deg
2026-02-12 13:53:29 | INFO | Theta: -265.0 deg
2026-02-12 13:53:29 | INFO | Theta: -270.0 deg
2026-02-12 13:53:30 | INFO | Theta: -275.0 deg
2026-02-12 13:53:32 | INFO | Center set: (2861, 1769)
2026-02-12 13:53:34 | INFO | Center set: (2781, 1774)
2026-02-12 13:53:35 | INFO | Center set: (2821, 1758)
2026-02-12 13:53:36 | INFO | Center set: (2826, 1758)
2026-02-12 13:53:38 | INFO | Theta: -280.0 deg
2026-02-12 13:53:38 | INFO | Theta: -275.0 deg
2026-02-12 13:53:38 | INFO | Theta: -270.0 deg
2026-02-12 13:53:39 | INFO | Theta: -265.0 deg
2026-02-12 13:53:42 | INFO | SAVE pressed
2026-02-12 13:53:42 | INFO | Inserted annotation facc262e-d17e-4bad-bcab-a22ca460a558 for image_id=13aee232-a2e8-4790-a727-38a78dbfe83e tree_id=tree_001
2026-02-12 13:53:42 | INFO | Observation rebuilt: obs_id=eb40fc9c-e767-4a9d-86e7-d589afe54cf3 for annotation_id=facc262e-d17e-4bad-bcab-a22ca460a558 (obs_height=25.0)
2026-02-12 13:53:42 | INFO | Auto rebuild observation done. New obs_id=eb40fc9c-e767-4a9d-86e7-d589afe54cf3
2026-02-12 13:53:52 | INFO | Starting project: crown_db v0.0.1
2026-02-12 13:53:52 | INFO | Database ready: data\db\crowns.sqlite3
2026-02-12 13:54:01 | INFO | Starting project: crown_db v0.0.1
2026-02-12 13:54:01 | INFO | Database ready: data\db\crowns.sqlite3
2026-02-12 13:54:10 | INFO | Starting project: crown_db v0.0.1
2026-02-12 13:54:10 | INFO | Database ready: data\db\crowns.sqlite3
2026-02-12 13:54:18 | INFO | Starting project: crown_db v0.0.1
2026-02-12 13:54:18 | INFO | Database ready: data\db\crowns.sqlite3
2026-02-12 13:54:18 | INFO | Backfill obs_height done. Updated rows: 0
2026-02-12 13:54:28 | INFO | Starting project: crown_db v0.0.1
2026-02-12 13:54:28 | INFO | Database ready: data\db\crowns.sqlite3
2026-02-12 13:54:28 | INFO | build_levels done. Upserted 3 rows.
2026-02-12 13:54:33 | INFO | Starting project: crown_db v0.0.1
2026-02-12 13:54:33 | INFO | Database ready: data\db\crowns.sqlite3
2026-02-12 13:54:33 | INFO | Normalized level: tree_id=tree_001 h_level=25.0 -> data\roi_norm\tree_001_25.png
2026-02-12 13:54:34 | INFO | normalize_scale done. Processed=1
2026-02-12 13:54:40 | INFO | Starting project: crown_db v0.0.1
2026-02-12 13:54:40 | INFO | Database ready: data\db\crowns.sqlite3
2026-02-12 14:08:52 | INFO | Starting project: crown_db v0.0.1
2026-02-12 14:08:52 | INFO | Database ready: data\db\crowns.sqlite3
2026-02-12 14:15:14 | INFO | Starting project: crown_db v0.0.1
2026-02-12 14:15:14 | INFO | Database ready: data\db\crowns.sqlite3
2026-02-12 14:15:14 | INFO | Synth created: tree=tree_001 h=20.0 method=linear_blend -> data\roi_norm\tree_001_20_synth.png
2026-02-12 14:15:14 | INFO | synthesize_missing_levels done. created=1
2026-02-12 14:15:22 | INFO | Starting project: crown_db v0.0.1
2026-02-12 14:15:22 | INFO | Database ready: data\db\crowns.sqlite3
2026-02-12 14:23:34 | INFO | Starting project: crown_db v0.0.1
2026-02-12 14:23:34 | INFO | Database ready: data\db\crowns.sqlite3
2026-02-12 14:23:34 | INFO | Split trees: train=1 val=0 test=0 (total=1)
2026-02-12 14:23:34 | INFO | Export done. Exported pairs=1  manifest=D:\Users\Ekateryna\Desktop\Mag_projects\data\datasets\pix2pix_pairs\manifest.csv
2026-02-12 14:24:19 | INFO | Starting project: crown_db v0.0.1
2026-02-12 14:24:19 | INFO | Database ready: data\db\crowns.sqlite3
2026-02-12 14:24:19 | INFO | Split trees: train=1 val=0 test=0 (total=1)
2026-02-12 14:24:19 | INFO | Export done. Exported pairs=1  manifest=D:\Users\Ekateryna\Desktop\Mag_projects\data\datasets\pix2pix_pairs\manifest.csv
2026-02-12 14:25:08 | INFO | Starting project: crown_db v0.0.1
2026-02-12 14:25:08 | INFO | Database ready: data\db\crowns.sqlite3
2026-02-12 14:25:52 | INFO | Starting project: crown_db v0.0.1
2026-02-12 14:25:52 | INFO | Database ready: data\db\crowns.sqlite3
2026-02-12 14:25:57 | INFO | Starting project: crown_db v0.0.1
2026-02-12 14:25:57 | INFO | Database ready: data\db\crowns.sqlite3
2026-02-12 14:25:57 | INFO | Opened image 1/3: D:\Users\Ekateryna\Desktop\Mag_projects\data\raw_images\береза 16м.JPG
2026-02-12 14:26:15 | INFO | Center set: (2736, 1674)
2026-02-12 14:26:17 | INFO | Radii set: a=563.2 b=394.2
2026-02-12 14:26:17 | INFO | Theta: -5.0 deg
2026-02-12 14:26:17 | INFO | Theta: -10.0 deg
2026-02-12 14:26:17 | INFO | Theta: -15.0 deg
2026-02-12 14:26:17 | INFO | Theta: -20.0 deg
2026-02-12 14:26:18 | INFO | Theta: -25.0 deg
2026-02-12 14:26:18 | INFO | Theta: -30.0 deg
2026-02-12 14:26:18 | INFO | Theta: -35.0 deg
2026-02-12 14:26:18 | INFO | Theta: -40.0 deg
2026-02-12 14:26:18 | INFO | Theta: -45.0 deg
2026-02-12 14:26:18 | INFO | Theta: -50.0 deg
2026-02-12 14:26:18 | INFO | Theta: -55.0 deg
2026-02-12 14:26:18 | INFO | Theta: -60.0 deg
2026-02-12 14:26:18 | INFO | Theta: -65.0 deg
2026-02-12 14:26:18 | INFO | Theta: -70.0 deg
2026-02-12 14:26:18 | INFO | Theta: -75.0 deg
2026-02-12 14:26:18 | INFO | Theta: -80.0 deg
2026-02-12 14:26:18 | INFO | Theta: -85.0 deg
2026-02-12 14:26:19 | INFO | Theta: -90.0 deg
2026-02-12 14:26:19 | INFO | Theta: -95.0 deg
2026-02-12 14:26:19 | INFO | Theta: -100.0 deg
2026-02-12 14:26:19 | INFO | Theta: -105.0 deg
2026-02-12 14:26:19 | INFO | Theta: -110.0 deg
2026-02-12 14:26:20 | INFO | SAVE pressed
2026-02-12 14:26:21 | INFO | Updated annotation 3e03d6ff-d4f2-4c57-93fe-e2c07a3c4b2c for image_id=bacff13e-fd40-4a8f-bf1f-00eb20315f29 tree_id=tree_001
2026-02-12 14:26:21 | INFO | Old observation removed for annotation 3e03d6ff-d4f2-4c57-93fe-e2c07a3c4b2c
2026-02-12 14:26:21 | INFO | Observation rebuilt: obs_id=0321a74c-c77c-413f-93ed-be3cd27ce87a for annotation_id=3e03d6ff-d4f2-4c57-93fe-e2c07a3c4b2c (obs_height=16.0)
2026-02-12 14:26:21 | INFO | Auto rebuild observation done. New obs_id=0321a74c-c77c-413f-93ed-be3cd27ce87a
2026-02-12 14:26:22 | INFO | Opened image 2/3: D:\Users\Ekateryna\Desktop\Mag_projects\data\raw_images\Береза 8м.JPG
2026-02-12 14:26:24 | INFO | Center set: (2821, 2252)
2026-02-12 14:26:26 | INFO | Radii set: a=1518.2 b=1062.7
2026-02-12 14:26:27 | INFO | Theta: -5.0 deg
2026-02-12 14:26:27 | INFO | Theta: -10.0 deg
2026-02-12 14:26:27 | INFO | Theta: -15.0 deg
2026-02-12 14:26:27 | INFO | Theta: -20.0 deg
2026-02-12 14:26:27 | INFO | Theta: -25.0 deg
2026-02-12 14:26:27 | INFO | Theta: -30.0 deg
2026-02-12 14:26:27 | INFO | Theta: -35.0 deg
2026-02-12 14:26:27 | INFO | Theta: -40.0 deg
2026-02-12 14:26:27 | INFO | Theta: -45.0 deg
2026-02-12 14:26:27 | INFO | Theta: -50.0 deg
2026-02-12 14:26:27 | INFO | Theta: -55.0 deg
2026-02-12 14:26:28 | INFO | Theta: -60.0 deg
2026-02-12 14:26:28 | INFO | Theta: -65.0 deg
2026-02-12 14:26:28 | INFO | Theta: -70.0 deg
2026-02-12 14:26:28 | INFO | Theta: -75.0 deg
2026-02-12 14:26:28 | INFO | Theta: -80.0 deg
2026-02-12 14:26:28 | INFO | Theta: -85.0 deg
2026-02-12 14:26:28 | INFO | Theta: -90.0 deg
2026-02-12 14:26:28 | INFO | Theta: -95.0 deg
2026-02-12 14:26:32 | INFO | SAVE pressed
2026-02-12 14:26:32 | INFO | Updated annotation cdb9f421-5ca3-4871-9682-72b84bbd6228 for image_id=db48cfc0-6747-409d-999c-c9115342a280 tree_id=tree_001
2026-02-12 14:26:32 | INFO | Old observation removed for annotation cdb9f421-5ca3-4871-9682-72b84bbd6228
2026-02-12 14:26:33 | INFO | Observation rebuilt: obs_id=8886fd77-5168-43d4-bb66-af374cfb9165 for annotation_id=cdb9f421-5ca3-4871-9682-72b84bbd6228 (obs_height=8.0)
2026-02-12 14:26:33 | INFO | Auto rebuild observation done. New obs_id=8886fd77-5168-43d4-bb66-af374cfb9165
2026-02-12 14:26:34 | INFO | Opened image 3/3: D:\Users\Ekateryna\Desktop\Mag_projects\data\raw_images\береза 25м.JPG
2026-02-12 14:26:37 | INFO | Center set: (2806, 1785)
2026-02-12 14:26:39 | INFO | Radii set: a=318.2 b=222.7
2026-02-12 14:26:40 | INFO | Theta: -5.0 deg
2026-02-12 14:26:40 | INFO | Theta: -10.0 deg
2026-02-12 14:26:40 | INFO | Theta: -15.0 deg
2026-02-12 14:26:40 | INFO | Theta: -20.0 deg
2026-02-12 14:26:40 | INFO | Theta: -25.0 deg
2026-02-12 14:26:40 | INFO | Theta: -30.0 deg
2026-02-12 14:26:40 | INFO | Theta: -35.0 deg
2026-02-12 14:26:40 | INFO | Theta: -40.0 deg
2026-02-12 14:26:40 | INFO | Theta: -45.0 deg
2026-02-12 14:26:40 | INFO | Theta: -50.0 deg
2026-02-12 14:26:40 | INFO | Theta: -55.0 deg
2026-02-12 14:26:40 | INFO | Theta: -60.0 deg
2026-02-12 14:26:40 | INFO | Theta: -65.0 deg
2026-02-12 14:26:40 | INFO | Theta: -70.0 deg
2026-02-12 14:26:40 | INFO | Theta: -75.0 deg
2026-02-12 14:26:40 | INFO | Theta: -80.0 deg
2026-02-12 14:26:41 | INFO | Theta: -85.0 deg
2026-02-12 14:26:41 | INFO | Theta: -90.0 deg
2026-02-12 14:26:41 | INFO | Theta: -95.0 deg
2026-02-12 14:26:41 | INFO | Theta: -100.0 deg
2026-02-12 14:26:41 | INFO | Theta: -105.0 deg
2026-02-12 14:26:41 | INFO | Theta: -110.0 deg
2026-02-12 14:26:41 | INFO | Theta: -115.0 deg
2026-02-12 14:26:41 | INFO | Theta: -120.0 deg
2026-02-12 14:26:41 | INFO | Theta: -115.0 deg
2026-02-12 14:26:41 | INFO | Theta: -110.0 deg
2026-02-12 14:26:42 | INFO | Theta: -105.0 deg
2026-02-12 14:26:42 | INFO | Theta: -100.0 deg
2026-02-12 14:26:43 | INFO | Theta: -105.0 deg
2026-02-12 14:26:43 | INFO | Theta: -110.0 deg
2026-02-12 14:26:44 | INFO | Radii set: a=255.4 b=178.8
2026-02-12 14:26:45 | INFO | Radii set: a=288.7 b=202.1
2026-02-12 14:26:45 | INFO | Theta: -115.0 deg
2026-02-12 14:26:46 | INFO | Theta: -110.0 deg
2026-02-12 14:26:46 | INFO | Theta: -105.0 deg
2026-02-12 14:26:46 | INFO | Theta: -100.0 deg
2026-02-12 14:26:46 | INFO | Theta: -95.0 deg
2026-02-12 14:26:46 | INFO | Theta: -90.0 deg
2026-02-12 14:26:48 | INFO | Radii set: a=242.7 b=169.9
2026-02-12 14:26:49 | INFO | Radii set: a=307.5 b=215.2
2026-02-12 14:26:50 | INFO | Theta: -85.0 deg
2026-02-12 14:26:50 | INFO | Theta: -80.0 deg
2026-02-12 14:26:51 | INFO | Theta: -75.0 deg
2026-02-12 14:26:51 | INFO | Theta: -70.0 deg
2026-02-12 14:26:51 | INFO | Theta: -65.0 deg
2026-02-12 14:26:51 | INFO | Theta: -60.0 deg
2026-02-12 14:26:51 | INFO | Theta: -55.0 deg
2026-02-12 14:26:51 | INFO | Theta: -50.0 deg
2026-02-12 14:26:52 | INFO | Theta: -45.0 deg
2026-02-12 14:26:53 | INFO | SAVE pressed
2026-02-12 14:26:53 | INFO | Updated annotation facc262e-d17e-4bad-bcab-a22ca460a558 for image_id=13aee232-a2e8-4790-a727-38a78dbfe83e tree_id=tree_001
2026-02-12 14:26:53 | INFO | Old observation removed for annotation facc262e-d17e-4bad-bcab-a22ca460a558
2026-02-12 14:26:54 | INFO | Observation rebuilt: obs_id=96aedd01-3384-406a-910e-585eb87361b4 for annotation_id=facc262e-d17e-4bad-bcab-a22ca460a558 (obs_height=25.0)
2026-02-12 14:26:54 | INFO | Auto rebuild observation done. New obs_id=96aedd01-3384-406a-910e-585eb87361b4
2026-02-12 14:26:54 | INFO | Opened image 3/3: D:\Users\Ekateryna\Desktop\Mag_projects\data\raw_images\береза 25м.JPG
2026-02-12 14:26:58 | INFO | Opened image 3/3: D:\Users\Ekateryna\Desktop\Mag_projects\data\raw_images\береза 25м.JPG
2026-02-12 14:26:59 | INFO | Opened image 3/3: D:\Users\Ekateryna\Desktop\Mag_projects\data\raw_images\береза 25м.JPG
2026-02-12 14:27:01 | INFO | Opened image 2/3: D:\Users\Ekateryna\Desktop\Mag_projects\data\raw_images\Береза 8м.JPG
2026-02-12 14:27:02 | INFO | Opened image 3/3: D:\Users\Ekateryna\Desktop\Mag_projects\data\raw_images\береза 25м.JPG
2026-02-12 14:27:03 | INFO | Opened image 3/3: D:\Users\Ekateryna\Desktop\Mag_projects\data\raw_images\береза 25м.JPG
2026-02-12 14:27:07 | INFO | Center set: (2826, 1779)
2026-02-12 14:27:08 | INFO | Radii set: a=301.0 b=210.7
2026-02-12 14:27:08 | INFO | Theta: -5.0 deg
2026-02-12 14:27:08 | INFO | Theta: -10.0 deg
2026-02-12 14:27:09 | INFO | Theta: -15.0 deg
2026-02-12 14:27:09 | INFO | Theta: -20.0 deg
2026-02-12 14:27:09 | INFO | Theta: -25.0 deg
2026-02-12 14:27:09 | INFO | Theta: -30.0 deg
2026-02-12 14:27:09 | INFO | Theta: -35.0 deg
2026-02-12 14:27:09 | INFO | Theta: -40.0 deg
2026-02-12 14:27:09 | INFO | Theta: -45.0 deg
2026-02-12 14:27:09 | INFO | Theta: -50.0 deg
2026-02-12 14:27:09 | INFO | Theta: -55.0 deg
2026-02-12 14:27:09 | INFO | Theta: -60.0 deg
2026-02-12 14:27:09 | INFO | Theta: -65.0 deg
2026-02-12 14:27:09 | INFO | Theta: -70.0 deg
2026-02-12 14:27:09 | INFO | Theta: -75.0 deg
2026-02-12 14:27:09 | INFO | Theta: -80.0 deg
2026-02-12 14:27:10 | INFO | Theta: -85.0 deg
2026-02-12 14:27:10 | INFO | Theta: -90.0 deg
2026-02-12 14:27:11 | INFO | SAVE pressed
2026-02-12 14:27:11 | INFO | Updated annotation facc262e-d17e-4bad-bcab-a22ca460a558 for image_id=13aee232-a2e8-4790-a727-38a78dbfe83e tree_id=tree_001
2026-02-12 14:27:11 | INFO | Old observation removed for annotation facc262e-d17e-4bad-bcab-a22ca460a558
2026-02-12 14:27:11 | INFO | Observation rebuilt: obs_id=e0656a4e-39cc-4687-97af-dd03cf228e70 for annotation_id=facc262e-d17e-4bad-bcab-a22ca460a558 (obs_height=25.0)
2026-02-12 14:27:12 | INFO | Auto rebuild observation done. New obs_id=e0656a4e-39cc-4687-97af-dd03cf228e70
2026-02-12 14:27:13 | INFO | Opened image 3/3: D:\Users\Ekateryna\Desktop\Mag_projects\data\raw_images\береза 25м.JPG
2026-02-12 14:27:14 | INFO | Opened image 2/3: D:\Users\Ekateryna\Desktop\Mag_projects\data\raw_images\Береза 8м.JPG
2026-02-12 14:27:15 | INFO | Opened image 1/3: D:\Users\Ekateryna\Desktop\Mag_projects\data\raw_images\береза 16м.JPG
2026-02-12 14:27:17 | INFO | Opened image 1/3: D:\Users\Ekateryna\Desktop\Mag_projects\data\raw_images\береза 16м.JPG
2026-02-12 14:27:18 | INFO | Opened image 1/3: D:\Users\Ekateryna\Desktop\Mag_projects\data\raw_images\береза 16м.JPG
2026-02-12 14:27:25 | INFO | Opened image 1/3: D:\Users\Ekateryna\Desktop\Mag_projects\data\raw_images\береза 16м.JPG
2026-02-12 14:27:44 | INFO | Center set: (2726, 1606)
2026-02-12 14:27:44 | INFO | Radii set: a=498.4 b=348.9
2026-02-12 14:27:45 | INFO | Theta: -5.0 deg
2026-02-12 14:27:45 | INFO | Theta: -10.0 deg
2026-02-12 14:27:45 | INFO | Theta: -15.0 deg
2026-02-12 14:27:45 | INFO | Theta: -20.0 deg
2026-02-12 14:27:45 | INFO | Theta: -25.0 deg
2026-02-12 14:27:45 | INFO | Theta: -30.0 deg
2026-02-12 14:27:45 | INFO | Theta: -35.0 deg
2026-02-12 14:27:45 | INFO | Theta: -40.0 deg
2026-02-12 14:27:45 | INFO | Theta: -45.0 deg
2026-02-12 14:27:45 | INFO | Theta: -50.0 deg
2026-02-12 14:27:45 | INFO | Theta: -55.0 deg
2026-02-12 14:27:45 | INFO | Theta: -60.0 deg
2026-02-12 14:27:46 | INFO | Theta: -65.0 deg
2026-02-12 14:27:46 | INFO | Theta: -70.0 deg
2026-02-12 14:27:46 | INFO | Theta: -75.0 deg
2026-02-12 14:27:46 | INFO | Theta: -80.0 deg
2026-02-12 14:27:46 | INFO | Theta: -85.0 deg
2026-02-12 14:27:48 | INFO | Center set: (2776, 1669)
2026-02-12 14:27:49 | INFO | Radii set: a=544.9 b=381.5
2026-02-12 14:27:50 | INFO | Theta: -80.0 deg
2026-02-12 14:27:50 | INFO | Theta: -85.0 deg
2026-02-12 14:27:51 | INFO | Theta: -90.0 deg
2026-02-12 14:27:51 | INFO | Theta: -95.0 deg
2026-02-12 14:27:51 | INFO | Theta: -100.0 deg
2026-02-12 14:27:52 | INFO | SAVE pressed
2026-02-12 14:27:52 | INFO | Updated annotation 3e03d6ff-d4f2-4c57-93fe-e2c07a3c4b2c for image_id=bacff13e-fd40-4a8f-bf1f-00eb20315f29 tree_id=tree_001
2026-02-12 14:27:52 | INFO | Old observation removed for annotation 3e03d6ff-d4f2-4c57-93fe-e2c07a3c4b2c
2026-02-12 14:27:52 | INFO | Observation rebuilt: obs_id=eca8e03c-403f-4c12-b6da-05bb11c71ce3 for annotation_id=3e03d6ff-d4f2-4c57-93fe-e2c07a3c4b2c (obs_height=16.0)
2026-02-12 14:27:52 | INFO | Auto rebuild observation done. New obs_id=eca8e03c-403f-4c12-b6da-05bb11c71ce3
2026-02-12 14:27:57 | INFO | Opened image 2/3: D:\Users\Ekateryna\Desktop\Mag_projects\data\raw_images\Береза 8м.JPG
2026-02-12 14:28:13 | INFO | Center set: (2716, 2378)
2026-02-12 14:28:14 | INFO | Radii set: a=1648.3 b=1153.8
2026-02-12 14:28:14 | INFO | Theta: -5.0 deg
2026-02-12 14:28:14 | INFO | Theta: -10.0 deg
2026-02-12 14:28:14 | INFO | Theta: -15.0 deg
2026-02-12 14:28:14 | INFO | Theta: -20.0 deg
2026-02-12 14:28:14 | INFO | Theta: -25.0 deg
2026-02-12 14:28:14 | INFO | Theta: -30.0 deg
2026-02-12 14:28:15 | INFO | Theta: -35.0 deg
2026-02-12 14:28:15 | INFO | Theta: -40.0 deg
2026-02-12 14:28:15 | INFO | Theta: -45.0 deg
2026-02-12 14:28:15 | INFO | Theta: -50.0 deg
2026-02-12 14:28:15 | INFO | Theta: -55.0 deg
2026-02-12 14:28:15 | INFO | Theta: -60.0 deg
2026-02-12 14:28:15 | INFO | Theta: -65.0 deg
2026-02-12 14:28:15 | INFO | Theta: -70.0 deg
2026-02-12 14:28:15 | INFO | Theta: -75.0 deg
2026-02-12 14:28:15 | INFO | Theta: -80.0 deg
2026-02-12 14:28:15 | INFO | Theta: -85.0 deg
2026-02-12 14:28:16 | INFO | Theta: -90.0 deg
2026-02-12 14:28:16 | INFO | SAVE pressed
2026-02-12 14:28:16 | INFO | Updated annotation cdb9f421-5ca3-4871-9682-72b84bbd6228 for image_id=db48cfc0-6747-409d-999c-c9115342a280 tree_id=tree_001
2026-02-12 14:28:17 | INFO | Old observation removed for annotation cdb9f421-5ca3-4871-9682-72b84bbd6228
2026-02-12 14:28:17 | INFO | Observation rebuilt: obs_id=9e6f31d2-344d-459b-91d1-72d925b15520 for annotation_id=cdb9f421-5ca3-4871-9682-72b84bbd6228 (obs_height=8.0)
2026-02-12 14:28:17 | INFO | Auto rebuild observation done. New obs_id=9e6f31d2-344d-459b-91d1-72d925b15520
2026-02-12 14:28:20 | INFO | Opened image 3/3: D:\Users\Ekateryna\Desktop\Mag_projects\data\raw_images\береза 25м.JPG
2026-02-12 14:28:27 | INFO | Center set: (2841, 1753)
2026-02-12 14:28:28 | INFO | Radii set: a=288.3 b=201.8
2026-02-12 14:28:29 | INFO | Theta: -5.0 deg
2026-02-12 14:28:29 | INFO | Theta: -10.0 deg
2026-02-12 14:28:29 | INFO | Theta: -15.0 deg
2026-02-12 14:28:29 | INFO | Theta: -20.0 deg
2026-02-12 14:28:29 | INFO | Theta: -25.0 deg
2026-02-12 14:28:29 | INFO | Theta: -30.0 deg
2026-02-12 14:28:29 | INFO | Theta: -35.0 deg
2026-02-12 14:28:29 | INFO | Theta: -40.0 deg
2026-02-12 14:28:29 | INFO | Theta: -45.0 deg
2026-02-12 14:28:29 | INFO | Theta: -50.0 deg
2026-02-12 14:28:29 | INFO | Theta: -55.0 deg
2026-02-12 14:28:29 | INFO | Theta: -60.0 deg
2026-02-12 14:28:29 | INFO | Theta: -65.0 deg
2026-02-12 14:28:29 | INFO | Theta: -70.0 deg
2026-02-12 14:28:29 | INFO | Theta: -75.0 deg
2026-02-12 14:28:29 | INFO | Theta: -80.0 deg
2026-02-12 14:28:29 | INFO | Theta: -85.0 deg
2026-02-12 14:28:29 | INFO | Theta: -90.0 deg
2026-02-12 14:28:32 | INFO | Theta: -85.0 deg
2026-02-12 14:28:32 | INFO | Theta: -80.0 deg
2026-02-12 14:28:32 | INFO | Theta: -75.0 deg
2026-02-12 14:28:32 | INFO | Theta: -70.0 deg
2026-02-12 14:28:32 | INFO | Theta: -65.0 deg
2026-02-12 14:28:32 | INFO | Theta: -60.0 deg
2026-02-12 14:28:32 | INFO | Theta: -55.0 deg
2026-02-12 14:28:34 | INFO | Radii set: a=291.0 b=203.7
2026-02-12 14:28:34 | INFO | Theta: -50.0 deg
2026-02-12 14:28:34 | INFO | Theta: -45.0 deg
2026-02-12 14:28:34 | INFO | Theta: -40.0 deg
2026-02-12 14:28:34 | INFO | Theta: -35.0 deg
2026-02-12 14:28:34 | INFO | Theta: -30.0 deg
2026-02-12 14:28:34 | INFO | Theta: -25.0 deg
2026-02-12 14:28:35 | INFO | Theta: -20.0 deg
2026-02-12 14:28:35 | INFO | Theta: -15.0 deg
2026-02-12 14:28:36 | INFO | Center set: (2796, 1753)
2026-02-12 14:28:36 | INFO | Theta: -20.0 deg
2026-02-12 14:28:36 | INFO | Theta: -25.0 deg
2026-02-12 14:28:36 | INFO | Theta: -30.0 deg
2026-02-12 14:28:36 | INFO | Theta: -35.0 deg
2026-02-12 14:28:36 | INFO | Theta: -40.0 deg
2026-02-12 14:28:36 | INFO | Theta: -45.0 deg
2026-02-12 14:28:36 | INFO | Theta: -50.0 deg
2026-02-12 14:28:37 | INFO | Theta: -55.0 deg
2026-02-12 14:28:37 | INFO | Theta: -60.0 deg
2026-02-12 14:28:37 | INFO | Theta: -65.0 deg
2026-02-12 14:28:37 | INFO | Theta: -70.0 deg
2026-02-12 14:28:37 | INFO | Theta: -75.0 deg
2026-02-12 14:28:38 | INFO | SAVE pressed
2026-02-12 14:28:38 | INFO | Updated annotation facc262e-d17e-4bad-bcab-a22ca460a558 for image_id=13aee232-a2e8-4790-a727-38a78dbfe83e tree_id=tree_001
2026-02-12 14:28:39 | INFO | Old observation removed for annotation facc262e-d17e-4bad-bcab-a22ca460a558
2026-02-12 14:28:39 | INFO | Observation rebuilt: obs_id=abd77b75-2485-4046-9050-18e98f3a32c8 for annotation_id=facc262e-d17e-4bad-bcab-a22ca460a558 (obs_height=25.0)
2026-02-12 14:28:39 | INFO | Auto rebuild observation done. New obs_id=abd77b75-2485-4046-9050-18e98f3a32c8
2026-02-12 14:28:43 | INFO | Opened image 3/3: D:\Users\Ekateryna\Desktop\Mag_projects\data\raw_images\береза 25м.JPG
2026-02-12 14:28:45 | INFO | Opened image 3/3: D:\Users\Ekateryna\Desktop\Mag_projects\data\raw_images\береза 25м.JPG
2026-02-12 14:31:07 | INFO | Starting project: crown_db v0.0.1
2026-02-12 14:31:07 | INFO | Database ready: data\db\crowns.sqlite3
2026-02-12 14:31:20 | INFO | Starting project: crown_db v0.0.1
2026-02-12 14:31:20 | INFO | Database ready: data\db\crowns.sqlite3
2026-02-12 14:31:20 | INFO | Skip: observation already exists for annotation 3e03d6ff-d4f2-4c57-93fe-e2c07a3c4b2c
2026-02-12 14:31:20 | INFO | Skip: observation already exists for annotation cdb9f421-5ca3-4871-9682-72b84bbd6228
2026-02-12 14:31:20 | INFO | Skip: observation already exists for annotation facc262e-d17e-4bad-bcab-a22ca460a558
2026-02-12 14:31:20 | INFO | Build observations finished. Added 0 observations.
2026-02-12 14:31:38 | INFO | Starting project: crown_db v0.0.1
2026-02-12 14:31:38 | INFO | Database ready: data\db\crowns.sqlite3
2026-02-12 14:31:45 | INFO | Starting project: crown_db v0.0.1
2026-02-12 14:31:45 | INFO | Database ready: data\db\crowns.sqlite3
2026-02-12 14:32:31 | INFO | Starting project: crown_db v0.0.1
2026-02-12 14:32:31 | INFO | Database ready: data\db\crowns.sqlite3
2026-02-12 14:32:31 | INFO | Split trees: train=1 val=0 test=0 (total=1)
2026-02-12 14:32:31 | INFO | Export done. Exported pairs=1  manifest=D:\Users\Ekateryna\Desktop\Mag_projects\data\datasets\pix2pix_pairs\manifest.csv
2026-02-12 14:32:32 | INFO | Starting project: crown_db v0.0.1
2026-02-12 14:32:35 | INFO | Database ready: data\db\crowns.sqlite3
2026-02-12 14:32:35 | INFO | normalize_scale done. Processed=0
2026-02-12 14:32:39 | INFO | Starting project: crown_db v0.0.1
2026-02-12 14:32:39 | INFO | Database ready: data\db\crowns.sqlite3
2026-02-12 14:33:37 | INFO | Starting project: crown_db v0.0.1
2026-02-12 14:33:37 | INFO | Database ready: data\db\crowns.sqlite3
2026-02-12 14:33:38 | INFO | Opened image 1/3: D:\Users\Ekateryna\Desktop\Mag_projects\data\raw_images\береза 16м.JPG
2026-02-12 14:33:54 | INFO | Center set: (2716, 1664)
2026-02-12 14:33:55 | INFO | Radii set: a=577.5 b=404.3
2026-02-12 14:33:56 | INFO | Theta: -5.0 deg
2026-02-12 14:33:56 | INFO | Theta: -10.0 deg
2026-02-12 14:33:56 | INFO | Theta: -15.0 deg
2026-02-12 14:33:56 | INFO | Theta: -20.0 deg
2026-02-12 14:33:56 | INFO | Theta: -25.0 deg
2026-02-12 14:33:56 | INFO | Theta: -30.0 deg
2026-02-12 14:33:56 | INFO | Theta: -35.0 deg
2026-02-12 14:33:56 | INFO | Theta: -40.0 deg
2026-02-12 14:33:56 | INFO | Theta: -45.0 deg
2026-02-12 14:33:56 | INFO | Theta: -50.0 deg
2026-02-12 14:33:56 | INFO | Theta: -55.0 deg
2026-02-12 14:33:56 | INFO | Theta: -60.0 deg
2026-02-12 14:33:56 | INFO | Theta: -65.0 deg
2026-02-12 14:33:56 | INFO | Theta: -70.0 deg
2026-02-12 14:33:56 | INFO | Theta: -75.0 deg
2026-02-12 14:33:56 | INFO | Theta: -80.0 deg
2026-02-12 14:33:57 | INFO | Theta: -85.0 deg
2026-02-12 14:33:57 | INFO | Theta: -90.0 deg
2026-02-12 14:33:58 | INFO | SAVE pressed
2026-02-12 14:33:58 | INFO | Updated annotation 3e03d6ff-d4f2-4c57-93fe-e2c07a3c4b2c for image_id=bacff13e-fd40-4a8f-bf1f-00eb20315f29 tree_id=tree_001
2026-02-12 14:33:58 | INFO | Old observation removed for annotation 3e03d6ff-d4f2-4c57-93fe-e2c07a3c4b2c
2026-02-12 14:33:58 | INFO | Observation rebuilt: obs_id=0991ccf6-f048-49f8-9766-ba6aba1130f9 for annotation_id=3e03d6ff-d4f2-4c57-93fe-e2c07a3c4b2c (obs_height=16.0)
2026-02-12 14:33:58 | INFO | Auto rebuild observation done. New obs_id=0991ccf6-f048-49f8-9766-ba6aba1130f9
2026-02-12 14:34:01 | INFO | Opened image 1/3: D:\Users\Ekateryna\Desktop\Mag_projects\data\raw_images\береза 16м.JPG
2026-02-12 14:34:02 | INFO | Opened image 2/3: D:\Users\Ekateryna\Desktop\Mag_projects\data\raw_images\Береза 8м.JPG
2026-02-12 14:34:08 | INFO | Center set: (2736, 2278)
2026-02-12 14:34:09 | INFO | Radii set: a=1517.8 b=1062.5
2026-02-12 14:34:09 | INFO | Theta: -5.0 deg
2026-02-12 14:34:09 | INFO | Theta: -10.0 deg
2026-02-12 14:34:09 | INFO | Theta: -15.0 deg
2026-02-12 14:34:09 | INFO | Theta: -20.0 deg
2026-02-12 14:34:09 | INFO | Theta: -25.0 deg
2026-02-12 14:34:09 | INFO | Theta: -30.0 deg
2026-02-12 14:34:10 | INFO | Theta: -35.0 deg
2026-02-12 14:34:10 | INFO | Theta: -40.0 deg
2026-02-12 14:34:10 | INFO | Theta: -45.0 deg
2026-02-12 14:34:10 | INFO | Theta: -50.0 deg
2026-02-12 14:34:10 | INFO | Theta: -55.0 deg
2026-02-12 14:34:10 | INFO | Theta: -60.0 deg
2026-02-12 14:34:10 | INFO | Theta: -65.0 deg
2026-02-12 14:34:10 | INFO | Theta: -70.0 deg
2026-02-12 14:34:10 | INFO | Theta: -75.0 deg
2026-02-12 14:34:10 | INFO | Theta: -80.0 deg
2026-02-12 14:34:11 | INFO | Theta: -85.0 deg
2026-02-12 14:34:12 | INFO | SAVE pressed
2026-02-12 14:34:12 | INFO | Updated annotation cdb9f421-5ca3-4871-9682-72b84bbd6228 for image_id=db48cfc0-6747-409d-999c-c9115342a280 tree_id=tree_001
2026-02-12 14:34:12 | INFO | Old observation removed for annotation cdb9f421-5ca3-4871-9682-72b84bbd6228
2026-02-12 14:34:13 | INFO | Observation rebuilt: obs_id=cd3bb41c-5aba-4a07-90af-3ba2e406dda2 for annotation_id=cdb9f421-5ca3-4871-9682-72b84bbd6228 (obs_height=8.0)
2026-02-12 14:34:13 | INFO | Auto rebuild observation done. New obs_id=cd3bb41c-5aba-4a07-90af-3ba2e406dda2
2026-02-12 14:34:14 | INFO | Opened image 3/3: D:\Users\Ekateryna\Desktop\Mag_projects\data\raw_images\береза 25м.JPG
2026-02-12 14:34:18 | INFO | Center set: (2846, 1769)
2026-02-12 14:34:19 | INFO | Radii set: a=311.8 b=218.3
2026-02-12 14:34:19 | INFO | Theta: -5.0 deg
2026-02-12 14:34:20 | INFO | Theta: -10.0 deg
2026-02-12 14:34:20 | INFO | Theta: -15.0 deg
2026-02-12 14:34:20 | INFO | Theta: -20.0 deg
2026-02-12 14:34:20 | INFO | Theta: -25.0 deg
2026-02-12 14:34:20 | INFO | Theta: -30.0 deg
2026-02-12 14:34:20 | INFO | Theta: -35.0 deg
2026-02-12 14:34:20 | INFO | Theta: -40.0 deg
2026-02-12 14:34:20 | INFO | Theta: -45.0 deg
2026-02-12 14:34:20 | INFO | Theta: -50.0 deg
2026-02-12 14:34:20 | INFO | Theta: -55.0 deg
2026-02-12 14:34:20 | INFO | Theta: -60.0 deg
2026-02-12 14:34:20 | INFO | Theta: -65.0 deg
2026-02-12 14:34:20 | INFO | Theta: -70.0 deg
2026-02-12 14:34:20 | INFO | Theta: -75.0 deg
2026-02-12 14:34:20 | INFO | Theta: -80.0 deg
2026-02-12 14:34:20 | INFO | Theta: -85.0 deg
2026-02-12 14:34:21 | INFO | Theta: -90.0 deg
2026-02-12 14:34:21 | INFO | Theta: -95.0 deg
2026-02-12 14:34:21 | INFO | Theta: -90.0 deg
2026-02-12 14:34:21 | INFO | Theta: -85.0 deg
2026-02-12 14:34:21 | INFO | Theta: -80.0 deg
2026-02-12 14:34:21 | INFO | Theta: -75.0 deg
2026-02-12 14:34:21 | INFO | Theta: -70.0 deg
2026-02-12 14:34:22 | INFO | Theta: -65.0 deg
2026-02-12 14:34:22 | INFO | Theta: -60.0 deg
2026-02-12 14:34:22 | INFO | Theta: -55.0 deg
2026-02-12 14:34:22 | INFO | Theta: -50.0 deg
2026-02-12 14:34:22 | INFO | Theta: -45.0 deg
2026-02-12 14:34:22 | INFO | Theta: -40.0 deg
2026-02-12 14:34:22 | INFO | Theta: -35.0 deg
2026-02-12 14:34:25 | INFO | SAVE pressed
2026-02-12 14:34:25 | INFO | Updated annotation facc262e-d17e-4bad-bcab-a22ca460a558 for image_id=13aee232-a2e8-4790-a727-38a78dbfe83e tree_id=tree_001
2026-02-12 14:34:25 | INFO | Old observation removed for annotation facc262e-d17e-4bad-bcab-a22ca460a558
2026-02-12 14:34:25 | INFO | Observation rebuilt: obs_id=a296d4fa-2189-4eed-9c5c-501ab38ade41 for annotation_id=facc262e-d17e-4bad-bcab-a22ca460a558 (obs_height=25.0)
2026-02-12 14:34:25 | INFO | Auto rebuild observation done. New obs_id=a296d4fa-2189-4eed-9c5c-501ab38ade41
2026-02-12 14:34:28 | INFO | Opened image 3/3: D:\Users\Ekateryna\Desktop\Mag_projects\data\raw_images\береза 25м.JPG
2026-02-12 14:34:30 | INFO | Opened image 3/3: D:\Users\Ekateryna\Desktop\Mag_projects\data\raw_images\береза 25м.JPG
2026-02-12 14:34:30 | INFO | Opened image 3/3: D:\Users\Ekateryna\Desktop\Mag_projects\data\raw_images\береза 25м.JPG
2026-02-12 14:34:31 | INFO | Opened image 3/3: D:\Users\Ekateryna\Desktop\Mag_projects\data\raw_images\береза 25м.JPG
2026-02-12 14:34:31 | INFO | Opened image 3/3: D:\Users\Ekateryna\Desktop\Mag_projects\data\raw_images\береза 25м.JPG
2026-02-12 14:34:31 | INFO | Opened image 3/3: D:\Users\Ekateryna\Desktop\Mag_projects\data\raw_images\береза 25м.JPG
2026-02-12 14:34:31 | INFO | Opened image 3/3: D:\Users\Ekateryna\Desktop\Mag_projects\data\raw_images\береза 25м.JPG
2026-02-12 14:34:31 | INFO | Opened image 3/3: D:\Users\Ekateryna\Desktop\Mag_projects\data\raw_images\береза 25м.JPG
2026-02-12 14:34:31 | INFO | Opened image 3/3: D:\Users\Ekateryna\Desktop\Mag_projects\data\raw_images\береза 25м.JPG
2026-02-12 14:34:32 | INFO | Opened image 3/3: D:\Users\Ekateryna\Desktop\Mag_projects\data\raw_images\береза 25м.JPG
2026-02-12 14:35:06 | INFO | Starting project: crown_db v0.0.1
2026-02-12 14:35:06 | INFO | Database ready: data\db\crowns.sqlite3
2026-02-12 14:35:06 | INFO | build_levels done. Upserted 3 rows.
2026-02-12 14:35:16 | INFO | Starting project: crown_db v0.0.1
2026-02-12 14:35:16 | INFO | Database ready: data\db\crowns.sqlite3
2026-02-12 14:36:24 | INFO | Starting project: crown_db v0.0.1
2026-02-12 14:36:24 | INFO | Database ready: data\db\crowns.sqlite3
2026-02-12 14:36:40 | INFO | Starting project: crown_db v0.0.1
2026-02-12 14:36:40 | INFO | Database ready: data\db\crowns.sqlite3
2026-02-12 14:36:40 | INFO | Imported: D:\Users\Ekateryna\Desktop\Mag_projects\data\raw_images\ Береза 100м.JPG
2026-02-12 14:36:40 | INFO | Imported: D:\Users\Ekateryna\Desktop\Mag_projects\data\raw_images\ Береза 150м.JPG
2026-02-12 14:36:40 | INFO | Imported: D:\Users\Ekateryna\Desktop\Mag_projects\data\raw_images\береза  45м.JPG
2026-02-12 14:36:40 | WARNING | Skipped (maybe duplicate): D:\Users\Ekateryna\Desktop\Mag_projects\data\raw_images\береза 16м.JPG | UNIQUE constraint failed: images.path
2026-02-12 14:36:40 | WARNING | Skipped (maybe duplicate): D:\Users\Ekateryna\Desktop\Mag_projects\data\raw_images\береза 25м.JPG | UNIQUE constraint failed: images.path
2026-02-12 14:36:40 | INFO | Imported: D:\Users\Ekateryna\Desktop\Mag_projects\data\raw_images\береза 30м.JPG
2026-02-12 14:36:40 | INFO | Imported: D:\Users\Ekateryna\Desktop\Mag_projects\data\raw_images\береза 35м.JPG
2026-02-12 14:36:40 | INFO | Imported: D:\Users\Ekateryna\Desktop\Mag_projects\data\raw_images\береза 40м.JPG
2026-02-12 14:36:40 | INFO | Imported: D:\Users\Ekateryna\Desktop\Mag_projects\data\raw_images\Береза 50м.JPG
2026-02-12 14:36:40 | INFO | Imported: D:\Users\Ekateryna\Desktop\Mag_projects\data\raw_images\береза 70м.JPG
2026-02-12 14:36:40 | WARNING | Skipped (maybe duplicate): D:\Users\Ekateryna\Desktop\Mag_projects\data\raw_images\Береза 8м.JPG | UNIQUE constraint failed: images.path
2026-02-12 14:36:40 | INFO | Import finished. Added 8 images.
2026-02-12 14:36:46 | INFO | Starting project: crown_db v0.0.1
2026-02-12 14:36:46 | INFO | Database ready: data\db\crowns.sqlite3
2026-02-12 14:37:41 | INFO | Starting project: crown_db v0.0.1
2026-02-12 14:37:41 | INFO | Database ready: data\db\crowns.sqlite3
2026-02-12 14:37:47 | INFO | Starting project: crown_db v0.0.1
2026-02-12 14:37:47 | INFO | Database ready: data\db\crowns.sqlite3
2026-02-12 14:37:47 | INFO | build_levels done. Upserted 3 rows.
2026-02-12 14:37:51 | INFO | Starting project: crown_db v0.0.1
2026-02-12 14:37:51 | INFO | Database ready: data\db\crowns.sqlite3
2026-02-12 14:37:51 | INFO | Opened image 1/11: D:\Users\Ekateryna\Desktop\Mag_projects\data\raw_images\береза 16м.JPG
2026-02-12 14:38:00 | INFO | Center set: (2731, 1638)
2026-02-12 14:38:02 | INFO | Radii set: a=546.4 b=382.5
2026-02-12 14:38:02 | INFO | Theta: -5.0 deg
2026-02-12 14:38:02 | INFO | Theta: -10.0 deg
2026-02-12 14:38:02 | INFO | Theta: -15.0 deg
2026-02-12 14:38:02 | INFO | Theta: -20.0 deg
2026-02-12 14:38:02 | INFO | Theta: -25.0 deg
2026-02-12 14:38:02 | INFO | Theta: -30.0 deg
2026-02-12 14:38:02 | INFO | Theta: -35.0 deg
2026-02-12 14:38:02 | INFO | Theta: -40.0 deg
2026-02-12 14:38:02 | INFO | Theta: -45.0 deg
2026-02-12 14:38:03 | INFO | Theta: -50.0 deg
2026-02-12 14:38:03 | INFO | Theta: -55.0 deg
2026-02-12 14:38:03 | INFO | Theta: -60.0 deg
2026-02-12 14:38:03 | INFO | Theta: -65.0 deg
2026-02-12 14:38:03 | INFO | Theta: -70.0 deg
2026-02-12 14:38:03 | INFO | Theta: -75.0 deg
2026-02-12 14:38:03 | INFO | Theta: -80.0 deg
2026-02-12 14:38:03 | INFO | Theta: -85.0 deg
2026-02-12 14:38:03 | INFO | Theta: -90.0 deg
2026-02-12 14:38:04 | INFO | SAVE pressed
2026-02-12 14:38:04 | INFO | Updated annotation 3e03d6ff-d4f2-4c57-93fe-e2c07a3c4b2c for image_id=bacff13e-fd40-4a8f-bf1f-00eb20315f29 tree_id=tree_001
2026-02-12 14:38:04 | INFO | Old observation removed for annotation 3e03d6ff-d4f2-4c57-93fe-e2c07a3c4b2c
2026-02-12 14:38:05 | INFO | Observation rebuilt: obs_id=3c5ed9a0-084b-4662-b902-24dc60fcb204 for annotation_id=3e03d6ff-d4f2-4c57-93fe-e2c07a3c4b2c (obs_height=16.0)
2026-02-12 14:38:05 | INFO | Auto rebuild observation done. New obs_id=3c5ed9a0-084b-4662-b902-24dc60fcb204
2026-02-12 14:38:07 | INFO | Opened image 2/11: D:\Users\Ekateryna\Desktop\Mag_projects\data\raw_images\Береза 8м.JPG
2026-02-12 14:38:12 | INFO | Center set: (2756, 2362)
2026-02-12 14:38:13 | INFO | Radii set: a=1549.0 b=1084.3
2026-02-12 14:38:13 | INFO | Theta: -5.0 deg
2026-02-12 14:38:13 | INFO | Theta: -10.0 deg
2026-02-12 14:38:13 | INFO | Theta: -15.0 deg
2026-02-12 14:38:13 | INFO | Theta: -20.0 deg
2026-02-12 14:38:13 | INFO | Theta: -25.0 deg
2026-02-12 14:38:14 | INFO | Theta: -30.0 deg
2026-02-12 14:38:14 | INFO | Theta: -35.0 deg
2026-02-12 14:38:14 | INFO | Theta: -40.0 deg
2026-02-12 14:38:14 | INFO | Theta: -45.0 deg
2026-02-12 14:38:14 | INFO | Theta: -50.0 deg
2026-02-12 14:38:14 | INFO | Theta: -55.0 deg
2026-02-12 14:38:14 | INFO | Theta: -60.0 deg
2026-02-12 14:38:14 | INFO | Theta: -65.0 deg
2026-02-12 14:38:14 | INFO | Theta: -70.0 deg
2026-02-12 14:38:14 | INFO | Theta: -75.0 deg
2026-02-12 14:38:14 | INFO | Theta: -80.0 deg
2026-02-12 14:38:14 | INFO | Theta: -85.0 deg
2026-02-12 14:38:14 | INFO | Theta: -90.0 deg
2026-02-12 14:38:14 | INFO | Theta: -95.0 deg
2026-02-12 14:38:15 | INFO | Theta: -90.0 deg
2026-02-12 14:38:15 | INFO | Theta: -85.0 deg
2026-02-12 14:38:15 | INFO | Theta: -80.0 deg
2026-02-12 14:38:16 | INFO | SAVE pressed
2026-02-12 14:38:16 | INFO | Updated annotation cdb9f421-5ca3-4871-9682-72b84bbd6228 for image_id=db48cfc0-6747-409d-999c-c9115342a280 tree_id=tree_001
2026-02-12 14:38:16 | INFO | Old observation removed for annotation cdb9f421-5ca3-4871-9682-72b84bbd6228
2026-02-12 14:38:17 | INFO | Observation rebuilt: obs_id=496ca883-6dfb-42b6-b31e-849e8b35c6c9 for annotation_id=cdb9f421-5ca3-4871-9682-72b84bbd6228 (obs_height=8.0)
2026-02-12 14:38:17 | INFO | Auto rebuild observation done. New obs_id=496ca883-6dfb-42b6-b31e-849e8b35c6c9
2026-02-12 14:38:18 | INFO | Opened image 3/11: D:\Users\Ekateryna\Desktop\Mag_projects\data\raw_images\береза 25м.JPG
2026-02-12 14:38:23 | INFO | Center set: (2846, 1748)
2026-02-12 14:38:24 | INFO | Radii set: a=284.4 b=199.1
2026-02-12 14:38:25 | INFO | Theta: -5.0 deg
2026-02-12 14:38:25 | INFO | Theta: -10.0 deg
2026-02-12 14:38:25 | INFO | Theta: -15.0 deg
2026-02-12 14:38:25 | INFO | Theta: -20.0 deg
2026-02-12 14:38:25 | INFO | Theta: -25.0 deg
2026-02-12 14:38:25 | INFO | Theta: -30.0 deg
2026-02-12 14:38:25 | INFO | Theta: -35.0 deg
2026-02-12 14:38:25 | INFO | Theta: -40.0 deg
2026-02-12 14:38:25 | INFO | Theta: -45.0 deg
2026-02-12 14:38:25 | INFO | Theta: -50.0 deg
2026-02-12 14:38:25 | INFO | Theta: -55.0 deg
2026-02-12 14:38:25 | INFO | Theta: -60.0 deg
2026-02-12 14:38:25 | INFO | Theta: -65.0 deg
2026-02-12 14:38:25 | INFO | Theta: -70.0 deg
2026-02-12 14:38:25 | INFO | Theta: -75.0 deg
2026-02-12 14:38:25 | INFO | Theta: -80.0 deg
2026-02-12 14:38:26 | INFO | Theta: -75.0 deg
2026-02-12 14:38:26 | INFO | Theta: -70.0 deg
2026-02-12 14:38:26 | INFO | Theta: -65.0 deg
2026-02-12 14:38:26 | INFO | Theta: -60.0 deg
2026-02-12 14:38:26 | INFO | Theta: -55.0 deg
2026-02-12 14:38:26 | INFO | Theta: -50.0 deg
2026-02-12 14:38:26 | INFO | Theta: -45.0 deg
2026-02-12 14:38:28 | INFO | Center set: (2791, 1748)
2026-02-12 14:38:29 | INFO | Center set: (2821, 1779)
2026-02-12 14:38:30 | INFO | Radii set: a=251.5 b=176.0
2026-02-12 14:38:31 | INFO | Radii set: a=293.5 b=205.4
2026-02-12 14:38:32 | INFO | Theta: -40.0 deg
2026-02-12 14:38:32 | INFO | Theta: -35.0 deg
2026-02-12 14:38:32 | INFO | Theta: -40.0 deg
2026-02-12 14:38:32 | INFO | Theta: -45.0 deg
2026-02-12 14:38:32 | INFO | Theta: -50.0 deg
2026-02-12 14:38:32 | INFO | Theta: -55.0 deg
2026-02-12 14:38:34 | INFO | Theta: -60.0 deg
2026-02-12 14:38:34 | INFO | Theta: -65.0 deg
2026-02-12 14:38:34 | INFO | Theta: -70.0 deg
2026-02-12 14:38:34 | INFO | Theta: -75.0 deg
2026-02-12 14:38:34 | INFO | Theta: -80.0 deg
2026-02-12 14:38:34 | INFO | Theta: -85.0 deg
2026-02-12 14:38:35 | INFO | Theta: -90.0 deg
2026-02-12 14:38:35 | INFO | Theta: -95.0 deg
2026-02-12 14:38:35 | INFO | Theta: -100.0 deg
2026-02-12 14:38:36 | INFO | Theta: -105.0 deg
2026-02-12 14:38:39 | INFO | SAVE pressed
2026-02-12 14:38:39 | INFO | Updated annotation facc262e-d17e-4bad-bcab-a22ca460a558 for image_id=13aee232-a2e8-4790-a727-38a78dbfe83e tree_id=tree_001
2026-02-12 14:38:39 | INFO | Old observation removed for annotation facc262e-d17e-4bad-bcab-a22ca460a558
2026-02-12 14:38:39 | INFO | Observation rebuilt: obs_id=2d88bc15-c233-4064-b7bf-6e029e25e5de for annotation_id=facc262e-d17e-4bad-bcab-a22ca460a558 (obs_height=25.0)
2026-02-12 14:38:39 | INFO | Auto rebuild observation done. New obs_id=2d88bc15-c233-4064-b7bf-6e029e25e5de
2026-02-12 14:38:41 | INFO | Opened image 4/11: D:\Users\Ekateryna\Desktop\Mag_projects\data\raw_images\ Береза 100м.JPG
2026-02-12 14:38:52 | INFO | Theta: 5.0 deg
2026-02-12 14:38:56 | INFO | Center set: (2781, 1837)
2026-02-12 14:38:57 | INFO | Radii set: a=73.2 b=51.2
2026-02-12 14:38:58 | INFO | Theta: 0.0 deg
2026-02-12 14:38:58 | INFO | Theta: -5.0 deg
2026-02-12 14:38:58 | INFO | Theta: -10.0 deg
2026-02-12 14:38:58 | INFO | Theta: -15.0 deg
2026-02-12 14:38:58 | INFO | Theta: -20.0 deg
2026-02-12 14:38:58 | INFO | Theta: -15.0 deg
2026-02-12 14:38:59 | INFO | Theta: -10.0 deg
2026-02-12 14:38:59 | INFO | Theta: -15.0 deg
2026-02-12 14:38:59 | INFO | Theta: -20.0 deg
2026-02-12 14:38:59 | INFO | Theta: -25.0 deg
2026-02-12 14:38:59 | INFO | Theta: -30.0 deg
2026-02-12 14:38:59 | INFO | Theta: -35.0 deg
2026-02-12 14:38:59 | INFO | Theta: -40.0 deg
2026-02-12 14:38:59 | INFO | Theta: -45.0 deg
2026-02-12 14:39:00 | INFO | Theta: -50.0 deg
2026-02-12 14:39:01 | INFO | Center set: (2791, 1816)
2026-02-12 14:39:03 | INFO | SAVE pressed
2026-02-12 14:39:03 | INFO | Inserted annotation 71887481-37f5-4dd4-82d6-64f1791927e6 for image_id=2088c9cc-b056-43d3-8ea1-dcec6d23f079 tree_id=tree_001
2026-02-12 14:39:03 | INFO | Observation rebuilt: obs_id=0c1fb087-1357-4f00-bb9c-8614847ef702 for annotation_id=71887481-37f5-4dd4-82d6-64f1791927e6 (obs_height=None)
2026-02-12 14:39:03 | INFO | Auto rebuild observation done. New obs_id=0c1fb087-1357-4f00-bb9c-8614847ef702
2026-02-12 14:39:05 | INFO | Opened image 5/11: D:\Users\Ekateryna\Desktop\Mag_projects\data\raw_images\ Береза 150м.JPG
2026-02-12 14:39:14 | INFO | Center set: (2801, 1816)
2026-02-12 14:39:15 | INFO | Radii set: a=42.0 b=29.4
2026-02-12 14:39:16 | INFO | Theta: -5.0 deg
2026-02-12 14:39:16 | INFO | Theta: -10.0 deg
2026-02-12 14:39:16 | INFO | Theta: -15.0 deg
2026-02-12 14:39:16 | INFO | Theta: -20.0 deg
2026-02-12 14:39:16 | INFO | Theta: -25.0 deg
2026-02-12 14:39:16 | INFO | Theta: -30.0 deg
2026-02-12 14:39:16 | INFO | Theta: -35.0 deg
2026-02-12 14:39:17 | INFO | Theta: -40.0 deg
2026-02-12 14:39:18 | INFO | SAVE pressed
2026-02-12 14:39:18 | INFO | Inserted annotation d03d2d9d-ff95-4ed3-a662-0dc9d9ee0d64 for image_id=a4abe442-ae2a-4d6e-8b4c-6125be3b9e95 tree_id=tree_001
2026-02-12 14:39:18 | INFO | Observation rebuilt: obs_id=979d4be8-554b-46a2-ad99-0bffa1c91ab1 for annotation_id=d03d2d9d-ff95-4ed3-a662-0dc9d9ee0d64 (obs_height=None)
2026-02-12 14:39:18 | INFO | Auto rebuild observation done. New obs_id=979d4be8-554b-46a2-ad99-0bffa1c91ab1
2026-02-12 14:39:19 | INFO | Opened image 6/11: D:\Users\Ekateryna\Desktop\Mag_projects\data\raw_images\береза  45м.JPG
2026-02-12 14:39:25 | INFO | Center set: (2801, 1816)
2026-02-12 14:39:26 | INFO | Radii set: a=168.1 b=117.7
2026-02-12 14:39:26 | INFO | Theta: -5.0 deg
2026-02-12 14:39:26 | INFO | Theta: -10.0 deg
2026-02-12 14:39:26 | INFO | Theta: -15.0 deg
2026-02-12 14:39:26 | INFO | Theta: -20.0 deg
2026-02-12 14:39:26 | INFO | Theta: -25.0 deg
2026-02-12 14:39:27 | INFO | Theta: -30.0 deg
2026-02-12 14:39:27 | INFO | Theta: -35.0 deg
2026-02-12 14:39:27 | INFO | Theta: -40.0 deg
2026-02-12 14:39:27 | INFO | Theta: -45.0 deg
2026-02-12 14:39:27 | INFO | Theta: -50.0 deg
2026-02-12 14:39:27 | INFO | Theta: -55.0 deg
2026-02-12 14:39:27 | INFO | Theta: -60.0 deg
2026-02-12 14:39:27 | INFO | Theta: -65.0 deg
2026-02-12 14:39:27 | INFO | Theta: -70.0 deg
2026-02-12 14:39:28 | INFO | Center set: (2816, 1774)
2026-02-12 14:39:29 | INFO | Center set: (2791, 1800)
2026-02-12 14:39:30 | INFO | Theta: -65.0 deg
2026-02-12 14:39:30 | INFO | Theta: -60.0 deg
2026-02-12 14:39:31 | INFO | Theta: -55.0 deg
2026-02-12 14:39:32 | INFO | SAVE pressed
2026-02-12 14:39:32 | INFO | Inserted annotation c7cea12d-2ed6-4fde-9189-d150ce6ce814 for image_id=7e0e5358-9775-4c72-bd69-c6e8b06fce88 tree_id=tree_001
2026-02-12 14:39:32 | INFO | Observation rebuilt: obs_id=3b62c0c5-3a67-4db3-85ba-3486f4a7d1b3 for annotation_id=c7cea12d-2ed6-4fde-9189-d150ce6ce814 (obs_height=None)
2026-02-12 14:39:32 | INFO | Auto rebuild observation done. New obs_id=3b62c0c5-3a67-4db3-85ba-3486f4a7d1b3
2026-02-12 14:39:33 | INFO | Opened image 7/11: D:\Users\Ekateryna\Desktop\Mag_projects\data\raw_images\береза 30м.JPG
2026-02-12 14:39:38 | INFO | Center set: (2791, 1779)
2026-02-12 14:39:39 | INFO | Radii set: a=241.1 b=168.7
2026-02-12 14:39:39 | INFO | Theta: -5.0 deg
2026-02-12 14:39:39 | INFO | Theta: -10.0 deg
2026-02-12 14:39:39 | INFO | Theta: -15.0 deg
2026-02-12 14:39:39 | INFO | Theta: -20.0 deg
2026-02-12 14:39:39 | INFO | Theta: -25.0 deg
2026-02-12 14:39:39 | INFO | Theta: -30.0 deg
2026-02-12 14:39:39 | INFO | Theta: -35.0 deg
2026-02-12 14:39:40 | INFO | Theta: -40.0 deg
2026-02-12 14:39:40 | INFO | Theta: -45.0 deg
2026-02-12 14:39:40 | INFO | Theta: -50.0 deg
2026-02-12 14:39:40 | INFO | Theta: -55.0 deg
2026-02-12 14:39:41 | INFO | Radii set: a=271.5 b=190.1
2026-02-12 14:39:44 | INFO | SAVE pressed
2026-02-12 14:39:44 | INFO | Inserted annotation 738f18cf-0a09-42c4-b92a-e22abc38a4ec for image_id=d33c6935-2e5e-493c-b048-9ef56aa1a907 tree_id=tree_001
2026-02-12 14:39:44 | INFO | Observation rebuilt: obs_id=10b6e64c-ec7b-431e-af5b-08a1ee418ad1 for annotation_id=738f18cf-0a09-42c4-b92a-e22abc38a4ec (obs_height=None)
2026-02-12 14:39:44 | INFO | Auto rebuild observation done. New obs_id=10b6e64c-ec7b-431e-af5b-08a1ee418ad1
2026-02-12 14:39:47 | INFO | Opened image 8/11: D:\Users\Ekateryna\Desktop\Mag_projects\data\raw_images\береза 35м.JPG
2026-02-12 14:39:51 | INFO | Center set: (2811, 1811)
2026-02-12 14:39:52 | INFO | Radii set: a=228.0 b=159.6
2026-02-12 14:39:53 | INFO | Theta: 5.0 deg
2026-02-12 14:39:53 | INFO | Theta: 10.0 deg
2026-02-12 14:39:53 | INFO | Theta: 15.0 deg
2026-02-12 14:39:53 | INFO | Theta: 20.0 deg
2026-02-12 14:39:53 | INFO | Theta: 25.0 deg
2026-02-12 14:39:53 | INFO | Theta: 30.0 deg
2026-02-12 14:39:53 | INFO | Theta: 35.0 deg
2026-02-12 14:39:53 | INFO | Theta: 40.0 deg
2026-02-12 14:39:53 | INFO | Theta: 45.0 deg
2026-02-12 14:39:53 | INFO | Theta: 50.0 deg
2026-02-12 14:39:53 | INFO | Theta: 55.0 deg
2026-02-12 14:39:53 | INFO | Theta: 60.0 deg
2026-02-12 14:39:54 | INFO | Theta: 65.0 deg
2026-02-12 14:39:54 | INFO | Theta: 70.0 deg
2026-02-12 14:39:54 | INFO | Theta: 75.0 deg
2026-02-12 14:39:54 | INFO | Theta: 80.0 deg
2026-02-12 14:39:54 | INFO | Theta: 85.0 deg
2026-02-12 14:39:54 | INFO | Theta: 90.0 deg
2026-02-12 14:39:54 | INFO | Theta: 95.0 deg
2026-02-12 14:39:54 | INFO | Theta: 100.0 deg
2026-02-12 14:39:54 | INFO | Theta: 105.0 deg
2026-02-12 14:39:54 | INFO | Theta: 110.0 deg
2026-02-12 14:39:55 | INFO | Theta: 115.0 deg
2026-02-12 14:39:55 | INFO | Theta: 120.0 deg
2026-02-12 14:39:55 | INFO | Theta: 125.0 deg
2026-02-12 14:39:56 | INFO | Center set: (2786, 1716)
2026-02-12 14:39:57 | INFO | Center set: (2826, 1758)
2026-02-12 14:39:57 | INFO | Center set: (2806, 1811)
2026-02-12 14:39:58 | INFO | Center set: (2811, 1758)
2026-02-12 14:40:01 | INFO | SAVE pressed
2026-02-12 14:40:01 | INFO | Inserted annotation 90b31cf8-f0fa-40d1-9534-a72cea912a92 for image_id=c38e53d9-1aaf-4911-9b6e-aa878287ec72 tree_id=tree_001
2026-02-12 14:40:01 | INFO | Observation rebuilt: obs_id=ec921163-4daa-4b4e-97c1-a4f774b28adc for annotation_id=90b31cf8-f0fa-40d1-9534-a72cea912a92 (obs_height=None)
2026-02-12 14:40:01 | INFO | Auto rebuild observation done. New obs_id=ec921163-4daa-4b4e-97c1-a4f774b28adc
2026-02-12 14:40:03 | INFO | Opened image 9/11: D:\Users\Ekateryna\Desktop\Mag_projects\data\raw_images\береза 40м.JPG
2026-02-12 14:40:09 | INFO | Center set: (2796, 1806)
2026-02-12 14:40:10 | INFO | Radii set: a=167.8 b=117.5
2026-02-12 14:40:11 | INFO | Theta: 5.0 deg
2026-02-12 14:40:11 | INFO | Theta: 10.0 deg
2026-02-12 14:40:11 | INFO | Theta: 15.0 deg
2026-02-12 14:40:11 | INFO | Theta: 20.0 deg
2026-02-12 14:40:11 | INFO | Theta: 25.0 deg
2026-02-12 14:40:11 | INFO | Theta: 30.0 deg
2026-02-12 14:40:11 | INFO | Theta: 35.0 deg
2026-02-12 14:40:11 | INFO | Theta: 40.0 deg
2026-02-12 14:40:11 | INFO | Theta: 45.0 deg
2026-02-12 14:40:11 | INFO | Theta: 50.0 deg
2026-02-12 14:40:11 | INFO | Theta: 55.0 deg
2026-02-12 14:40:11 | INFO | Theta: 60.0 deg
2026-02-12 14:40:12 | INFO | Radii set: a=133.8 b=93.7
2026-02-12 14:40:13 | INFO | Radii set: a=166.4 b=116.5
2026-02-12 14:40:13 | INFO | Theta: 65.0 deg
2026-02-12 14:40:13 | INFO | Theta: 70.0 deg
2026-02-12 14:40:13 | INFO | Theta: 75.0 deg
2026-02-12 14:40:13 | INFO | Theta: 80.0 deg
2026-02-12 14:40:13 | INFO | Theta: 85.0 deg
2026-02-12 14:40:13 | INFO | Theta: 90.0 deg
2026-02-12 14:40:13 | INFO | Theta: 95.0 deg
2026-02-12 14:40:13 | INFO | Theta: 100.0 deg
2026-02-12 14:40:14 | INFO | Theta: 105.0 deg
2026-02-12 14:40:14 | INFO | Theta: 110.0 deg
2026-02-12 14:40:14 | INFO | Theta: 115.0 deg
2026-02-12 14:40:14 | INFO | Theta: 120.0 deg
2026-02-12 14:40:14 | INFO | Theta: 125.0 deg
2026-02-12 14:40:14 | INFO | Theta: 130.0 deg
2026-02-12 14:40:14 | INFO | Theta: 135.0 deg
2026-02-12 14:40:15 | INFO | Radii set: a=181.6 b=127.1
2026-02-12 14:40:17 | INFO | SAVE pressed
2026-02-12 14:40:17 | INFO | Inserted annotation 3f6e6fa8-e208-4e81-a4b6-6df86efdea1d for image_id=6ab72b16-bf53-4e12-81c8-48dc1e952107 tree_id=tree_001
2026-02-12 14:40:17 | INFO | Observation rebuilt: obs_id=d0bc7522-9a52-4d90-8eae-7fe19f068ce0 for annotation_id=3f6e6fa8-e208-4e81-a4b6-6df86efdea1d (obs_height=None)
2026-02-12 14:40:17 | INFO | Auto rebuild observation done. New obs_id=d0bc7522-9a52-4d90-8eae-7fe19f068ce0
2026-02-12 14:40:19 | INFO | Opened image 10/11: D:\Users\Ekateryna\Desktop\Mag_projects\data\raw_images\Береза 50м.JPG
2026-02-12 14:40:25 | INFO | Center set: (2791, 1806)
2026-02-12 14:40:26 | INFO | Radii set: a=145.8 b=102.1
2026-02-12 14:40:27 | INFO | Theta: 5.0 deg
2026-02-12 14:40:27 | INFO | Theta: 10.0 deg
2026-02-12 14:40:27 | INFO | Theta: 15.0 deg
2026-02-12 14:40:27 | INFO | Theta: 20.0 deg
2026-02-12 14:40:27 | INFO | Theta: 25.0 deg
2026-02-12 14:40:27 | INFO | Theta: 30.0 deg
2026-02-12 14:40:27 | INFO | Theta: 35.0 deg
2026-02-12 14:40:27 | INFO | Theta: 40.0 deg
2026-02-12 14:40:27 | INFO | Theta: 45.0 deg
2026-02-12 14:40:27 | INFO | Theta: 50.0 deg
2026-02-12 14:40:27 | INFO | Theta: 55.0 deg
2026-02-12 14:40:27 | INFO | Theta: 60.0 deg
2026-02-12 14:40:28 | INFO | Theta: 65.0 deg
2026-02-12 14:40:28 | INFO | Theta: 70.0 deg
2026-02-12 14:40:28 | INFO | Theta: 75.0 deg
2026-02-12 14:40:28 | INFO | Theta: 80.0 deg
2026-02-12 14:40:28 | INFO | Theta: 85.0 deg
2026-02-12 14:40:28 | INFO | Theta: 90.0 deg
2026-02-12 14:40:28 | INFO | Theta: 95.0 deg
2026-02-12 14:40:28 | INFO | Theta: 100.0 deg
2026-02-12 14:40:28 | INFO | Theta: 105.0 deg
2026-02-12 14:40:28 | INFO | Theta: 110.0 deg
2026-02-12 14:40:28 | INFO | Theta: 115.0 deg
2026-02-12 14:40:28 | INFO | Theta: 120.0 deg
2026-02-12 14:40:28 | INFO | Theta: 125.0 deg
2026-02-12 14:40:30 | INFO | SAVE pressed
2026-02-12 14:40:30 | INFO | Inserted annotation f3f47982-d74b-4012-b61b-c79ea30b33df for image_id=bc74ddb6-8514-445d-9933-46929a395f2e tree_id=tree_001
2026-02-12 14:40:30 | INFO | Observation rebuilt: obs_id=36656cc0-c6e7-4cc7-8923-6e2e7743e604 for annotation_id=f3f47982-d74b-4012-b61b-c79ea30b33df (obs_height=None)
2026-02-12 14:40:30 | INFO | Auto rebuild observation done. New obs_id=36656cc0-c6e7-4cc7-8923-6e2e7743e604
2026-02-12 14:40:31 | INFO | Opened image 11/11: D:\Users\Ekateryna\Desktop\Mag_projects\data\raw_images\береза 70м.JPG
2026-02-12 14:40:36 | INFO | Center set: (2771, 1811)
2026-02-12 14:40:36 | INFO | Radii set: a=92.4 b=64.7
2026-02-12 14:40:37 | INFO | Theta: 5.0 deg
2026-02-12 14:40:37 | INFO | Theta: 10.0 deg
2026-02-12 14:40:37 | INFO | Theta: 15.0 deg
2026-02-12 14:40:37 | INFO | Theta: 20.0 deg
2026-02-12 14:40:37 | INFO | Theta: 25.0 deg
2026-02-12 14:40:37 | INFO | Theta: 30.0 deg
2026-02-12 14:40:37 | INFO | Theta: 35.0 deg
2026-02-12 14:40:38 | INFO | Theta: 40.0 deg
2026-02-12 14:40:38 | INFO | Theta: 45.0 deg
2026-02-12 14:40:38 | INFO | Theta: 50.0 deg
2026-02-12 14:40:38 | INFO | Theta: 55.0 deg
2026-02-12 14:40:38 | INFO | Theta: 60.0 deg
2026-02-12 14:40:38 | INFO | Theta: 65.0 deg
2026-02-12 14:40:38 | INFO | Radii set: a=129.3 b=90.5
2026-02-12 14:40:39 | INFO | Radii set: a=65.1 b=45.5
2026-02-12 14:40:40 | INFO | Radii set: a=119.8 b=83.8
2026-02-12 14:40:41 | INFO | Theta: 70.0 deg
2026-02-12 14:40:41 | INFO | Theta: 75.0 deg
2026-02-12 14:40:41 | INFO | Theta: 80.0 deg
2026-02-12 14:40:41 | INFO | Theta: 85.0 deg
2026-02-12 14:40:41 | INFO | Theta: 90.0 deg
2026-02-12 14:40:41 | INFO | Theta: 95.0 deg
2026-02-12 14:40:41 | INFO | Theta: 100.0 deg
2026-02-12 14:40:41 | INFO | Theta: 105.0 deg
2026-02-12 14:40:41 | INFO | Theta: 110.0 deg
2026-02-12 14:40:41 | INFO | Theta: 115.0 deg
2026-02-12 14:40:41 | INFO | Theta: 120.0 deg
2026-02-12 14:40:41 | INFO | Theta: 125.0 deg
2026-02-12 14:40:42 | INFO | Radii set: a=80.2 b=56.1
2026-02-12 14:40:43 | INFO | Radii set: a=105.8 b=74.1
2026-02-12 14:40:43 | INFO | Theta: 130.0 deg
2026-02-12 14:40:45 | INFO | SAVE pressed
2026-02-12 14:40:45 | INFO | Inserted annotation 5112139e-b1d2-49c4-92c1-a18cd571da08 for image_id=ef3b2937-87ee-42ec-aa3e-0eab717d3dd1 tree_id=tree_001
2026-02-12 14:40:45 | INFO | Observation rebuilt: obs_id=a8bef3ce-72ed-4f6b-ae02-cc3a0cfe4ee4 for annotation_id=5112139e-b1d2-49c4-92c1-a18cd571da08 (obs_height=None)
2026-02-12 14:40:45 | INFO | Auto rebuild observation done. New obs_id=a8bef3ce-72ed-4f6b-ae02-cc3a0cfe4ee4
2026-02-12 14:40:47 | INFO | Opened image 11/11: D:\Users\Ekateryna\Desktop\Mag_projects\data\raw_images\береза 70м.JPG
2026-02-12 14:41:43 | INFO | Starting project: crown_db v0.0.1
2026-02-12 14:41:43 | INFO | Database ready: data\db\crowns.sqlite3
2026-02-12 14:41:57 | INFO | Starting project: crown_db v0.0.1
2026-02-12 14:41:57 | INFO | Database ready: data\db\crowns.sqlite3
2026-02-12 14:42:41 | INFO | Starting project: crown_db v0.0.1
2026-02-12 14:42:41 | INFO | Database ready: data\db\crowns.sqlite3
2026-02-12 14:42:41 | INFO | normalize_scale done. Processed=0
2026-02-12 14:43:01 | INFO | Starting project: crown_db v0.0.1
2026-02-12 14:43:01 | INFO | Database ready: data\db\crowns.sqlite3
2026-02-12 14:43:01 | INFO | Opened image 1/11: D:\Users\Ekateryna\Desktop\Mag_projects\data\raw_images\береза 16м.JPG
2026-02-12 14:43:11 | INFO | Opened image 2/11: D:\Users\Ekateryna\Desktop\Mag_projects\data\raw_images\Береза 8м.JPG
2026-02-12 14:43:14 | INFO | Opened image 3/11: D:\Users\Ekateryna\Desktop\Mag_projects\data\raw_images\береза 25м.JPG
2026-02-12 14:43:17 | INFO | Opened image 4/11: D:\Users\Ekateryna\Desktop\Mag_projects\data\raw_images\ Береза 100м.JPG
2026-02-12 14:43:23 | INFO | Center set: (2791, 1832)
2026-02-12 14:43:24 | INFO | Radii set: a=74.2 b=51.9
2026-02-12 14:43:25 | INFO | Theta: 5.0 deg
2026-02-12 14:43:26 | INFO | Theta: 10.0 deg
2026-02-12 14:43:26 | INFO | Theta: 15.0 deg
2026-02-12 14:43:26 | INFO | Theta: 20.0 deg
2026-02-12 14:43:26 | INFO | Theta: 25.0 deg
2026-02-12 14:43:26 | INFO | Theta: 30.0 deg
2026-02-12 14:43:27 | INFO | SAVE pressed
2026-02-12 14:43:27 | INFO | Updated annotation 71887481-37f5-4dd4-82d6-64f1791927e6 for image_id=2088c9cc-b056-43d3-8ea1-dcec6d23f079 tree_id=tree_001
2026-02-12 14:43:27 | INFO | Old observation removed for annotation 71887481-37f5-4dd4-82d6-64f1791927e6
2026-02-12 14:43:28 | INFO | Observation rebuilt: obs_id=219eef2d-fd46-4686-90c2-63a82aec7f31 for annotation_id=71887481-37f5-4dd4-82d6-64f1791927e6 (obs_height=None)
2026-02-12 14:43:28 | INFO | Auto rebuild observation done. New obs_id=219eef2d-fd46-4686-90c2-63a82aec7f31
2026-02-12 14:43:36 | INFO | Starting project: crown_db v0.0.1
2026-02-12 14:43:36 | INFO | Database ready: data\db\crowns.sqlite3
2026-02-12 14:43:36 | INFO | normalize_scale done. Processed=0
2026-02-12 14:43:42 | INFO | Starting project: crown_db v0.0.1
2026-02-12 14:43:42 | INFO | Database ready: data\db\crowns.sqlite3
2026-02-12 14:45:44 | INFO | Starting project: crown_db v0.0.1
2026-02-12 14:45:44 | INFO | Database ready: data\db\crowns.sqlite3
2026-02-12 14:45:47 | INFO | Set flight_altitude=100.00 for D:\Users\Ekateryna\Desktop\Mag_projects\data\raw_images\ Береза 100м.JPG
2026-02-12 14:45:47 | INFO | Set flight_altitude=150.00 for D:\Users\Ekateryna\Desktop\Mag_projects\data\raw_images\ Береза 150м.JPG
2026-02-12 14:45:47 | INFO | Set flight_altitude=45.00 for D:\Users\Ekateryna\Desktop\Mag_projects\data\raw_images\береза  45м.JPG
2026-02-12 14:45:47 | INFO | Set flight_altitude=30.00 for D:\Users\Ekateryna\Desktop\Mag_projects\data\raw_images\береза 30м.JPG
2026-02-12 14:45:47 | INFO | Set flight_altitude=35.00 for D:\Users\Ekateryna\Desktop\Mag_projects\data\raw_images\береза 35м.JPG
2026-02-12 14:45:47 | INFO | Set flight_altitude=40.00 for D:\Users\Ekateryna\Desktop\Mag_projects\data\raw_images\береза 40м.JPG
2026-02-12 14:45:47 | INFO | Set flight_altitude=50.00 for D:\Users\Ekateryna\Desktop\Mag_projects\data\raw_images\Береза 50м.JPG
2026-02-12 14:45:47 | INFO | Set flight_altitude=70.00 for D:\Users\Ekateryna\Desktop\Mag_projects\data\raw_images\береза 70м.JPG
2026-02-12 14:45:48 | INFO | fill_flight_altitude_from_filename: updated=8
2026-02-12 14:45:55 | INFO | Starting project: crown_db v0.0.1
2026-02-12 14:45:55 | INFO | Database ready: data\db\crowns.sqlite3
2026-02-12 14:46:19 | INFO | Starting project: crown_db v0.0.1
2026-02-12 14:46:19 | INFO | Database ready: data\db\crowns.sqlite3
2026-02-12 14:46:19 | INFO | build_levels done. Upserted 3 rows.
2026-02-12 14:46:25 | INFO | Starting project: crown_db v0.0.1
2026-02-12 14:46:25 | INFO | Database ready: data\db\crowns.sqlite3
2026-02-12 14:49:56 | INFO | Starting project: crown_db v0.0.1
2026-02-12 14:49:56 | INFO | Database ready: data\db\crowns.sqlite3
2026-02-12 14:49:56 | INFO | Backfill obs_height done. Updated rows: 8
2026-02-12 14:50:08 | INFO | Starting project: crown_db v0.0.1
2026-02-12 14:50:08 | INFO | Database ready: data\db\crowns.sqlite3
2026-02-12 14:50:08 | INFO | build_levels done. Upserted 11 rows.
2026-02-12 14:50:15 | INFO | Starting project: crown_db v0.0.1
2026-02-12 14:50:15 | INFO | Database ready: data\db\crowns.sqlite3
2026-02-12 14:50:15 | INFO | Normalized level: tree_id=tree_001 h_level=150.0 -> data\roi_norm\tree_001_150.png
2026-02-12 14:50:15 | INFO | Normalized level: tree_id=tree_001 h_level=45.0 -> data\roi_norm\tree_001_45.png
2026-02-12 14:50:15 | INFO | Normalized level: tree_id=tree_001 h_level=30.0 -> data\roi_norm\tree_001_30.png
2026-02-12 14:50:15 | INFO | Normalized level: tree_id=tree_001 h_level=35.0 -> data\roi_norm\tree_001_35.png
2026-02-12 14:50:16 | INFO | Normalized level: tree_id=tree_001 h_level=40.0 -> data\roi_norm\tree_001_40.png
2026-02-12 14:50:16 | INFO | Normalized level: tree_id=tree_001 h_level=50.0 -> data\roi_norm\tree_001_50.png
2026-02-12 14:50:16 | INFO | Normalized level: tree_id=tree_001 h_level=70.0 -> data\roi_norm\tree_001_70.png
2026-02-12 14:50:16 | INFO | Normalized level: tree_id=tree_001 h_level=100.0 -> data\roi_norm\tree_001_100.png
2026-02-12 14:50:16 | INFO | normalize_scale done. Processed=8
2026-02-12 14:50:30 | INFO | Starting project: crown_db v0.0.1
2026-02-12 14:50:30 | INFO | Database ready: data\db\crowns.sqlite3
2026-02-12 14:51:37 | INFO | Starting project: crown_db v0.0.1
2026-02-12 14:51:37 | INFO | Database ready: data\db\crowns.sqlite3
2026-02-12 14:51:37 | INFO | Backfill obs_height done. Updated rows: 0
2026-02-12 14:51:44 | INFO | Starting project: crown_db v0.0.1
2026-02-12 14:51:44 | INFO | Database ready: data\db\crowns.sqlite3
2026-02-12 14:51:58 | INFO | Starting project: crown_db v0.0.1
2026-02-12 14:51:58 | INFO | Database ready: data\db\crowns.sqlite3
2026-02-12 14:51:58 | INFO | build_levels done. Upserted 11 rows.
2026-02-12 14:52:03 | INFO | Starting project: crown_db v0.0.1
2026-02-12 14:52:03 | INFO | Database ready: data\db\crowns.sqlite3
2026-02-12 14:52:12 | INFO | Starting project: crown_db v0.0.1
2026-02-12 14:52:12 | INFO | Database ready: data\db\crowns.sqlite3
2026-02-12 14:52:12 | INFO | normalize_scale done. Processed=0
2026-02-12 18:32:27 | INFO | Starting project: crown_db v0.0.1
2026-02-12 18:32:27 | INFO | Database ready: data\db\crowns.sqlite3
2026-02-12 18:32:31 | INFO | Synth created: tree=tree_001 h=27.0 method=linear_blend -> data\roi_norm\tree_001_27_synth.png
2026-02-12 18:32:32 | INFO | synthesize_missing_levels done. created=1
2026-02-12 18:48:55 | INFO | Starting project: crown_db v0.0.1
2026-02-12 18:48:55 | INFO | Database ready: data\db\crowns.sqlite3
2026-02-12 18:48:55 | INFO | Opened image 1/11: D:\Users\Ekateryna\Desktop\Mag_projects\data\raw_images\береза 16м.JPG
2026-02-12 18:49:01 | INFO | Opened image 2/11: D:\Users\Ekateryna\Desktop\Mag_projects\data\raw_images\Береза 8м.JPG
2026-02-12 18:49:10 | INFO | Opened image 3/11: D:\Users\Ekateryna\Desktop\Mag_projects\data\raw_images\береза 25м.JPG
2026-02-12 18:49:11 | INFO | Opened image 4/11: D:\Users\Ekateryna\Desktop\Mag_projects\data\raw_images\ Береза 100м.JPG
2026-02-12 18:49:22 | INFO | Theta: 5.0 deg
2026-02-12 18:49:22 | INFO | Theta: 10.0 deg
2026-02-12 18:49:22 | INFO | Theta: 15.0 deg
2026-02-12 18:49:22 | INFO | Theta: 20.0 deg
2026-02-12 18:49:22 | INFO | Theta: 25.0 deg
2026-02-12 18:49:23 | INFO | Theta: 30.0 deg
2026-02-12 18:49:23 | INFO | Theta: 35.0 deg
2026-02-12 18:49:30 | INFO | Opened image 5/11: D:\Users\Ekateryna\Desktop\Mag_projects\data\raw_images\ Береза 150м.JPG
2026-02-12 18:50:04 | INFO | Opened image 6/11: D:\Users\Ekateryna\Desktop\Mag_projects\data\raw_images\береза  45м.JPG
2026-02-12 18:50:05 | INFO | Opened image 7/11: D:\Users\Ekateryna\Desktop\Mag_projects\data\raw_images\береза 30м.JPG
2026-02-12 18:50:06 | INFO | Opened image 8/11: D:\Users\Ekateryna\Desktop\Mag_projects\data\raw_images\береза 35м.JPG
2026-02-12 18:50:06 | INFO | Opened image 9/11: D:\Users\Ekateryna\Desktop\Mag_projects\data\raw_images\береза 40м.JPG
2026-02-12 18:50:07 | INFO | Opened image 10/11: D:\Users\Ekateryna\Desktop\Mag_projects\data\raw_images\Береза 50м.JPG
2026-02-12 18:50:07 | INFO | Opened image 11/11: D:\Users\Ekateryna\Desktop\Mag_projects\data\raw_images\береза 70м.JPG
2026-02-12 18:50:08 | INFO | Opened image 11/11: D:\Users\Ekateryna\Desktop\Mag_projects\data\raw_images\береза 70м.JPG
2026-02-12 18:50:09 | INFO | Opened image 11/11: D:\Users\Ekateryna\Desktop\Mag_projects\data\raw_images\береза 70м.JPG
2026-02-12 18:50:09 | INFO | Opened image 11/11: D:\Users\Ekateryna\Desktop\Mag_projects\data\raw_images\береза 70м.JPG
2026-02-12 18:50:09 | INFO | Opened image 11/11: D:\Users\Ekateryna\Desktop\Mag_projects\data\raw_images\береза 70м.JPG
2026-02-12 18:50:09 | INFO | Opened image 11/11: D:\Users\Ekateryna\Desktop\Mag_projects\data\raw_images\береза 70м.JPG
2026-02-12 18:50:10 | INFO | Opened image 10/11: D:\Users\Ekateryna\Desktop\Mag_projects\data\raw_images\Береза 50м.JPG
2026-02-12 18:50:11 | INFO | Opened image 9/11: D:\Users\Ekateryna\Desktop\Mag_projects\data\raw_images\береза 40м.JPG
2026-02-12 18:50:11 | INFO | Opened image 8/11: D:\Users\Ekateryna\Desktop\Mag_projects\data\raw_images\береза 35м.JPG
2026-02-12 18:50:12 | INFO | Opened image 7/11: D:\Users\Ekateryna\Desktop\Mag_projects\data\raw_images\береза 30м.JPG
2026-02-12 18:50:12 | INFO | Opened image 6/11: D:\Users\Ekateryna\Desktop\Mag_projects\data\raw_images\береза  45м.JPG
2026-02-12 18:50:13 | INFO | Opened image 5/11: D:\Users\Ekateryna\Desktop\Mag_projects\data\raw_images\ Береза 150м.JPG
2026-02-12 18:50:13 | INFO | Opened image 4/11: D:\Users\Ekateryna\Desktop\Mag_projects\data\raw_images\ Береза 100м.JPG
2026-02-12 18:50:14 | INFO | Opened image 3/11: D:\Users\Ekateryna\Desktop\Mag_projects\data\raw_images\береза 25м.JPG
2026-02-12 18:50:14 | INFO | Opened image 2/11: D:\Users\Ekateryna\Desktop\Mag_projects\data\raw_images\Береза 8м.JPG
2026-02-12 18:50:17 | INFO | Opened image 3/11: D:\Users\Ekateryna\Desktop\Mag_projects\data\raw_images\береза 25м.JPG
2026-02-12 18:50:19 | INFO | Opened image 2/11: D:\Users\Ekateryna\Desktop\Mag_projects\data\raw_images\Береза 8м.JPG
2026-02-12 18:50:21 | INFO | Opened image 3/11: D:\Users\Ekateryna\Desktop\Mag_projects\data\raw_images\береза 25м.JPG
2026-02-12 18:50:22 | INFO | Opened image 2/11: D:\Users\Ekateryna\Desktop\Mag_projects\data\raw_images\Береза 8м.JPG
2026-02-12 18:50:23 | INFO | Opened image 3/11: D:\Users\Ekateryna\Desktop\Mag_projects\data\raw_images\береза 25м.JPG
2026-02-12 18:50:24 | INFO | Opened image 2/11: D:\Users\Ekateryna\Desktop\Mag_projects\data\raw_images\Береза 8м.JPG
2026-02-12 18:50:26 | INFO | Opened image 3/11: D:\Users\Ekateryna\Desktop\Mag_projects\data\raw_images\береза 25м.JPG
2026-02-12 18:50:27 | INFO | Opened image 2/11: D:\Users\Ekateryna\Desktop\Mag_projects\data\raw_images\Береза 8м.JPG
2026-02-12 18:50:32 | INFO | Opened image 3/11: D:\Users\Ekateryna\Desktop\Mag_projects\data\raw_images\береза 25м.JPG
2026-02-12 18:50:37 | INFO | Opened image 2/11: D:\Users\Ekateryna\Desktop\Mag_projects\data\raw_images\Береза 8м.JPG
2026-02-12 18:50:39 | INFO | Opened image 3/11: D:\Users\Ekateryna\Desktop\Mag_projects\data\raw_images\береза 25м.JPG
2026-02-12 18:50:39 | INFO | Opened image 4/11: D:\Users\Ekateryna\Desktop\Mag_projects\data\raw_images\ Береза 100м.JPG
2026-02-12 18:50:43 | INFO | Opened image 3/11: D:\Users\Ekateryna\Desktop\Mag_projects\data\raw_images\береза 25м.JPG
2026-02-12 18:50:44 | INFO | Opened image 2/11: D:\Users\Ekateryna\Desktop\Mag_projects\data\raw_images\Береза 8м.JPG
2026-02-12 18:50:45 | INFO | Opened image 3/11: D:\Users\Ekateryna\Desktop\Mag_projects\data\raw_images\береза 25м.JPG
2026-02-12 18:50:47 | INFO | Opened image 2/11: D:\Users\Ekateryna\Desktop\Mag_projects\data\raw_images\Береза 8м.JPG
2026-02-12 18:50:49 | INFO | Opened image 3/11: D:\Users\Ekateryna\Desktop\Mag_projects\data\raw_images\береза 25м.JPG
2026-02-12 18:50:51 | INFO | Opened image 2/11: D:\Users\Ekateryna\Desktop\Mag_projects\data\raw_images\Береза 8м.JPG
2026-02-12 18:50:53 | INFO | Opened image 3/11: D:\Users\Ekateryna\Desktop\Mag_projects\data\raw_images\береза 25м.JPG
2026-02-12 18:50:54 | INFO | Opened image 2/11: D:\Users\Ekateryna\Desktop\Mag_projects\data\raw_images\Береза 8м.JPG
2026-02-12 18:50:55 | INFO | Opened image 1/11: D:\Users\Ekateryna\Desktop\Mag_projects\data\raw_images\береза 16м.JPG
2026-02-12 18:50:59 | INFO | Opened image 1/11: D:\Users\Ekateryna\Desktop\Mag_projects\data\raw_images\береза 16м.JPG
2026-02-12 18:51:00 | INFO | Opened image 2/11: D:\Users\Ekateryna\Desktop\Mag_projects\data\raw_images\Береза 8м.JPG
2026-02-12 18:51:01 | INFO | Opened image 3/11: D:\Users\Ekateryna\Desktop\Mag_projects\data\raw_images\береза 25м.JPG
2026-02-12 18:51:09 | INFO | Center set: (2800, 1794)
2026-02-12 18:51:10 | INFO | Radii set: a=334.1 b=233.9
2026-02-12 18:51:11 | INFO | Theta: 5.0 deg
2026-02-12 18:51:11 | INFO | Theta: 10.0 deg
2026-02-12 18:51:11 | INFO | Theta: 15.0 deg
2026-02-12 18:51:11 | INFO | Theta: 20.0 deg
2026-02-12 18:51:11 | INFO | Theta: 25.0 deg
2026-02-12 18:51:11 | INFO | Theta: 30.0 deg
2026-02-12 18:51:11 | INFO | Theta: 35.0 deg
2026-02-12 18:51:12 | INFO | Theta: 30.0 deg
2026-02-12 18:51:12 | INFO | Theta: 25.0 deg
2026-02-12 18:51:12 | INFO | Theta: 30.0 deg
2026-02-12 18:51:12 | INFO | Theta: 35.0 deg
2026-02-12 18:51:12 | INFO | Theta: 40.0 deg
2026-02-12 18:51:12 | INFO | Theta: 45.0 deg
2026-02-12 18:51:12 | INFO | Theta: 50.0 deg
2026-02-12 18:51:12 | INFO | Theta: 55.0 deg
2026-02-12 18:51:12 | INFO | Theta: 60.0 deg
2026-02-12 18:51:12 | INFO | Theta: 65.0 deg
2026-02-12 18:51:13 | INFO | Theta: 70.0 deg
2026-02-12 18:51:13 | INFO | Theta: 75.0 deg
2026-02-12 18:51:13 | INFO | Theta: 80.0 deg
2026-02-12 18:51:13 | INFO | Theta: 85.0 deg
2026-02-12 18:51:13 | INFO | Theta: 90.0 deg
2026-02-12 18:51:13 | INFO | Theta: 95.0 deg
2026-02-12 18:51:13 | INFO | Theta: 100.0 deg
2026-02-12 18:51:13 | INFO | Theta: 105.0 deg
2026-02-12 18:51:13 | INFO | Theta: 110.0 deg
2026-02-12 18:51:14 | INFO | Theta: 115.0 deg
2026-02-12 18:51:14 | INFO | Theta: 120.0 deg
2026-02-12 18:51:14 | INFO | Theta: 125.0 deg
2026-02-12 18:51:14 | INFO | Theta: 130.0 deg
2026-02-12 18:51:14 | INFO | Theta: 135.0 deg
2026-02-12 18:51:15 | INFO | Theta: 140.0 deg
2026-02-12 18:51:15 | INFO | Theta: 145.0 deg
2026-02-12 18:51:15 | INFO | Theta: 150.0 deg
2026-02-12 18:51:15 | INFO | Theta: 155.0 deg
2026-02-12 18:51:22 | INFO | Theta: 150.0 deg
2026-02-12 18:51:23 | INFO | Theta: 145.0 deg
2026-02-12 18:51:23 | INFO | Theta: 140.0 deg
2026-02-12 18:51:23 | INFO | Theta: 135.0 deg
2026-02-12 18:51:23 | INFO | Theta: 130.0 deg
2026-02-12 18:51:23 | INFO | Theta: 125.0 deg
2026-02-12 18:51:23 | INFO | Theta: 120.0 deg
2026-02-12 18:51:23 | INFO | Theta: 115.0 deg
2026-02-12 18:51:23 | INFO | Theta: 110.0 deg
2026-02-12 18:51:23 | INFO | Theta: 105.0 deg
2026-02-12 18:51:23 | INFO | Theta: 100.0 deg
2026-02-12 18:51:23 | INFO | Theta: 95.0 deg
2026-02-12 18:51:23 | INFO | Theta: 90.0 deg
2026-02-12 18:51:24 | INFO | Theta: 85.0 deg
2026-02-12 18:51:24 | INFO | Theta: 80.0 deg
2026-02-12 18:51:24 | INFO | Theta: 75.0 deg
2026-02-12 18:51:24 | INFO | Theta: 70.0 deg
2026-02-12 18:51:24 | INFO | Theta: 65.0 deg
2026-03-03 17:17:38 | INFO | Starting project: crown_db v0.0.1
2026-03-03 17:17:38 | INFO | Database ready: data\db\crowns.sqlite3
2026-03-03 17:17:39 | INFO | Opened image 1/11: D:\Users\Ekateryna\Desktop\Mag_projects\data\raw_images\береза 16м.JPG
2026-03-03 17:17:45 | INFO | Center set: (2750, 1633)
2026-03-03 17:17:46 | INFO | Radii set: a=587.8 b=411.5
2026-03-03 17:17:47 | INFO | Theta: -5.0 deg
2026-03-03 17:17:47 | INFO | Theta: -10.0 deg
2026-03-03 17:17:47 | INFO | Theta: -15.0 deg
2026-03-03 17:17:47 | INFO | Theta: -20.0 deg
2026-03-03 17:17:47 | INFO | Theta: -25.0 deg
2026-03-03 17:17:47 | INFO | Theta: -30.0 deg
2026-03-03 17:17:47 | INFO | Theta: -35.0 deg
2026-03-03 17:17:47 | INFO | Theta: -40.0 deg
2026-03-03 17:17:47 | INFO | Theta: -45.0 deg
2026-03-03 17:17:47 | INFO | Theta: -50.0 deg
2026-03-03 17:17:47 | INFO | Theta: -55.0 deg
2026-03-03 17:17:47 | INFO | Theta: -60.0 deg
2026-03-03 17:17:48 | INFO | Theta: -65.0 deg
2026-03-03 17:17:48 | INFO | Theta: -70.0 deg
2026-03-03 17:17:48 | INFO | Theta: -75.0 deg
2026-03-03 17:17:48 | INFO | Theta: -80.0 deg
2026-03-03 17:17:48 | INFO | Theta: -85.0 deg
2026-03-03 17:17:48 | INFO | Theta: -90.0 deg
2026-03-03 17:17:52 | INFO | SAVE pressed
2026-03-03 17:17:52 | INFO | Updated annotation 3e03d6ff-d4f2-4c57-93fe-e2c07a3c4b2c for image_id=bacff13e-fd40-4a8f-bf1f-00eb20315f29 tree_id=tree_001
2026-03-03 17:17:52 | INFO | Old observation removed for annotation 3e03d6ff-d4f2-4c57-93fe-e2c07a3c4b2c
2026-03-03 17:17:52 | INFO | Observation rebuilt: obs_id=80f80e29-9794-4d60-8017-42f5ab837633 for annotation_id=3e03d6ff-d4f2-4c57-93fe-e2c07a3c4b2c (obs_height=16.0)
2026-03-03 17:17:52 | INFO | Auto rebuild observation done. New obs_id=80f80e29-9794-4d60-8017-42f5ab837633
2026-03-03 17:20:17 | INFO | Starting project: crown_db v0.0.1
2026-03-03 17:20:17 | INFO | Database ready: data\db\crowns.sqlite3
2026-03-03 17:20:17 | INFO | Backfill obs_height done. Updated rows: 0
2026-03-03 17:21:14 | INFO | Starting project: crown_db v0.0.1
2026-03-03 17:21:14 | INFO | Database ready: data\db\crowns.sqlite3
2026-03-03 17:21:14 | INFO | Backfill obs_height done. Updated rows: 0
2026-03-03 17:21:30 | INFO | Starting project: crown_db v0.0.1
2026-03-03 17:21:30 | INFO | Database ready: data\db\crowns.sqlite3
2026-03-03 17:21:30 | INFO | build_levels done. Upserted 11 rows.
2026-03-03 17:21:38 | INFO | Starting project: crown_db v0.0.1
2026-03-03 17:21:38 | INFO | Database ready: data\db\crowns.sqlite3
2026-03-03 17:21:38 | INFO | build_levels done. Upserted 11 rows.
2026-03-03 17:21:52 | INFO | Starting project: crown_db v0.0.1
2026-03-03 17:21:52 | INFO | Database ready: data\db\crowns.sqlite3
2026-03-03 17:21:58 | INFO | Starting project: crown_db v0.0.1
2026-03-03 17:21:58 | INFO | Database ready: data\db\crowns.sqlite3
2026-03-03 17:21:58 | INFO | normalize_scale done. Processed=0
2026-03-03 17:30:31 | INFO | Starting project: crown_db v0.0.1
2026-03-03 17:30:31 | INFO | Database ready: data\db\crowns.sqlite3
2026-03-03 17:30:32 | INFO | Pix2Pix export: tree_id=tree_001 pairs=100
2026-03-03 17:30:32 | INFO | Pix2Pix export done. total_pairs=100 out_dir=D:\Users\Ekateryna\Desktop\Mag_projects\data\pix2pix
2026-03-03 17:33:54 | INFO | Starting project: crown_db v0.0.1
2026-03-03 17:33:54 | INFO | Database ready: data\db\crowns.sqlite3
2026-03-03 17:35:37 | INFO | Starting project: crown_db v0.0.1
2026-03-03 17:35:37 | INFO | Database ready: data\db\crowns.sqlite3
2026-03-03 17:37:37 | INFO | Starting project: crown_db v0.0.1
2026-03-03 17:37:37 | INFO | Database ready: data\db\crowns.sqlite3
2026-03-03 17:37:39 | INFO | Split done. train=80 val=10 test=10 out_dir=D:\Users\Ekateryna\Desktop\Mag_projects\data\pix2pix_split
2026-03-03 17:55:46 | INFO | Starting project: crown_db v0.0.1
2026-03-03 17:55:46 | INFO | Database ready: data\db\crowns.sqlite3
2026-03-03 17:55:46 | INFO | Split done. train=80 val=10 test=10 out_dir=D:\Users\Ekateryna\Desktop\Mag_projects\data\pix2pix_split
2026-03-03 18:04:30 | INFO | Starting project: crown_db v0.0.1
2026-03-03 18:04:30 | INFO | Database ready: data\db\crowns.sqlite3
2026-03-03 18:04:30 | INFO | Using device: cpu
2026-03-03 18:06:16 | INFO | Epoch 1 done. Saved checkpoints.
2026-03-03 18:08:07 | INFO | Epoch 2 done. Saved checkpoints.
2026-03-03 18:10:04 | INFO | Epoch 3 done. Saved checkpoints.
2026-03-03 18:12:00 | INFO | Epoch 4 done. Saved checkpoints.
2026-03-03 18:13:44 | INFO | Epoch 5 done. Saved checkpoints.
2026-03-03 18:15:28 | INFO | Epoch 6 done. Saved checkpoints.
2026-03-03 18:17:12 | INFO | Epoch 7 done. Saved checkpoints.
2026-03-03 18:18:58 | INFO | Epoch 8 done. Saved checkpoints.
2026-03-03 18:20:43 | INFO | Epoch 9 done. Saved checkpoints.
2026-03-03 18:22:29 | INFO | Epoch 10 done. Saved checkpoints.
2026-03-03 18:24:14 | INFO | Epoch 11 done. Saved checkpoints.
2026-03-03 18:25:59 | INFO | Epoch 12 done. Saved checkpoints.
2026-03-03 18:27:45 | INFO | Epoch 13 done. Saved checkpoints.
2026-03-03 18:29:29 | INFO | Epoch 14 done. Saved checkpoints.
2026-03-03 18:31:15 | INFO | Epoch 15 done. Saved checkpoints.
2026-03-03 18:31:15 | INFO | Training finished. Output: D:\Users\Ekateryna\Desktop\Mag_projects\data\pix2pix_runs\run_cpu_1
2026-03-03 18:57:06 | INFO | Starting project: crown_db v0.0.1
2026-03-03 18:57:06 | INFO | Database ready: data\db\crowns.sqlite3
2026-03-03 18:57:06 | INFO | Using device: cpu
2026-03-03 18:58:54 | INFO | Epoch 1 done. Saved checkpoints.
2026-03-03 19:00:43 | INFO | Epoch 2 done. Saved checkpoints.
2026-03-04 15:08:31 | INFO | Starting project: crown_db v0.0.1
2026-03-04 15:08:31 | INFO | Database ready: data\db\crowns.sqlite3
2026-03-04 15:09:46 | INFO | Starting project: crown_db v0.0.1
2026-03-04 15:09:46 | INFO | Database ready: data\db\crowns.sqlite3
2026-03-04 15:10:10 | INFO | Starting project: crown_db v0.0.1
2026-03-04 15:10:10 | INFO | Database ready: data\db\crowns.sqlite3
2026-03-04 15:10:23 | INFO | Starting project: crown_db v0.0.1
2026-03-04 15:10:23 | INFO | Database ready: data\db\crowns.sqlite3
2026-03-04 15:10:23 | INFO | Using device: cpu
2026-03-04 15:12:23 | INFO | Epoch 1 done. Saved checkpoints.
2026-03-04 15:14:35 | INFO | Epoch 2 done. Saved checkpoints.
2026-03-04 15:16:29 | INFO | Epoch 3 done. Saved checkpoints.
2026-03-04 15:18:19 | INFO | Epoch 4 done. Saved checkpoints.
2026-03-04 15:20:09 | INFO | Epoch 5 done. Saved checkpoints.
2026-03-04 15:22:01 | INFO | Epoch 6 done. Saved checkpoints.
2026-03-04 15:23:46 | INFO | Epoch 7 done. Saved checkpoints.
2026-03-04 15:25:38 | INFO | Epoch 8 done. Saved checkpoints.
2026-03-04 15:27:29 | INFO | Epoch 9 done. Saved checkpoints.
2026-03-04 15:29:19 | INFO | Epoch 10 done. Saved checkpoints.
2026-03-04 15:30:59 | INFO | Epoch 11 done. Saved checkpoints.
2026-03-04 15:32:38 | INFO | Epoch 12 done. Saved checkpoints.
2026-03-04 15:34:18 | INFO | Epoch 13 done. Saved checkpoints.
2026-03-04 15:36:21 | INFO | Epoch 14 done. Saved checkpoints.
2026-03-04 15:38:21 | INFO | Epoch 15 done. Saved checkpoints.
2026-03-04 15:38:21 | INFO | Training finished. Output: D:\Users\Ekateryna\Desktop\Mag_projects\data\pix2pix_runs\run_cpu_1
2026-03-04 15:43:31 | INFO | Starting project: crown_db v0.0.1
2026-03-04 15:43:31 | INFO | Database ready: data\db\crowns.sqlite3
2026-03-04 15:45:52 | INFO | Starting project: crown_db v0.0.1
2026-03-04 15:45:52 | INFO | Database ready: data\db\crowns.sqlite3
2026-03-04 15:52:47 | INFO | Starting project: crown_db v0.0.1
2026-03-04 15:52:47 | INFO | Database ready: data\db\crowns.sqlite3
2026-03-04 15:52:47 | INFO | Infer: split_dir=data\pix2pix_split
2026-03-04 15:52:47 | INFO | Infer: checkpoint=data\pix2pix_runs\run_cpu_1\checkpoints\G_epoch_015.pt
2026-03-04 15:52:47 | INFO | Infer: out_dir=data\pix2pix_runs\run_cpu_1\infer_test_20
2026-03-04 15:52:47 | INFO | Infer: device=cpu
2026-03-04 15:52:49 | INFO | Infer done. Saved 10 previews to data\pix2pix_runs\run_cpu_1\infer_test_20
2026-03-04 15:59:22 | INFO | Starting project: crown_db v0.0.1
2026-03-04 15:59:22 | INFO | Database ready: data\db\crowns.sqlite3
2026-03-04 16:01:23 | INFO | Starting project: crown_db v0.0.1
2026-03-04 16:01:23 | INFO | Database ready: data\db\crowns.sqlite3
2026-03-04 16:03:06 | INFO | Starting project: crown_db v0.0.1
2026-03-04 16:03:06 | INFO | Database ready: data\db\crowns.sqlite3
2026-03-04 16:24:04 | INFO | Starting project: crown_db v0.0.1
2026-03-04 16:24:04 | INFO | Database ready: data\db\crowns.sqlite3
2026-03-04 16:24:04 | WARNING | No neighbor source for tree=tree_001 target_h=55.0
2026-03-04 16:24:19 | INFO | Starting project: crown_db v0.0.1
2026-03-04 16:24:19 | INFO | Database ready: data\db\crowns.sqlite3
2026-03-04 16:24:19 | WARNING | No neighbor source for tree=tree_001 target_h=55.0
2026-03-04 16:24:33 | INFO | Starting project: crown_db v0.0.1
2026-03-04 16:24:33 | INFO | Database ready: data\db\crowns.sqlite3
2026-03-04 16:25:19 | INFO | Starting project: crown_db v0.0.1
2026-03-04 16:25:19 | INFO | Database ready: data\db\crowns.sqlite3
2026-03-04 16:25:36 | INFO | Starting project: crown_db v0.0.1
2026-03-04 16:25:36 | INFO | Database ready: data\db\crowns.sqlite3
2026-03-04 16:28:48 | INFO | Starting project: crown_db v0.0.1
2026-03-04 16:28:48 | INFO | Database ready: data\db\crowns.sqlite3
2026-03-04 16:28:48 | INFO | OK: column already exists: crown_levels.synth_method
2026-03-04 16:28:48 | INFO | Added column: crown_levels.synth_src_h (REAL)
2026-03-04 16:29:19 | INFO | Starting project: crown_db v0.0.1
2026-03-04 16:29:19 | INFO | Database ready: data\db\crowns.sqlite3
2026-03-04 16:29:21 | INFO | Pix2Pix synth done: tree=tree_001 A=10.0 -> B=25.0 saved=data\roi_norm\tree_001_25_pix2pix_from_10.png
2026-03-04 16:29:42 | INFO | Starting project: crown_db v0.0.1
2026-03-04 16:29:42 | INFO | Database ready: data\db\crowns.sqlite3
2026-03-04 16:30:15 | INFO | Starting project: crown_db v0.0.1
2026-03-04 16:30:15 | INFO | Database ready: data\db\crowns.sqlite3
2026-03-04 16:30:15 | WARNING | No neighbor source for tree=tree_001 target_h=55.0
2026-03-04 16:30:34 | INFO | Starting project: crown_db v0.0.1
2026-03-04 16:30:34 | INFO | Database ready: data\db\crowns.sqlite3
2026-03-04 16:30:54 | INFO | Starting project: crown_db v0.0.1
2026-03-04 16:30:54 | INFO | Database ready: data\db\crowns.sqlite3
2026-03-04 16:30:54 | INFO | OK: column already exists: crown_levels.synth_method
2026-03-04 16:30:54 | INFO | OK: column already exists: crown_levels.synth_src_h
2026-03-04 16:31:02 | INFO | Starting project: crown_db v0.0.1
2026-03-04 16:31:02 | INFO | Database ready: data\db\crowns.sqlite3
2026-03-04 16:31:02 | WARNING | No neighbor source for tree=tree_001 target_h=55.0
2026-03-04 16:31:12 | INFO | Starting project: crown_db v0.0.1
2026-03-04 16:31:12 | INFO | Database ready: data\db\crowns.sqlite3
2026-03-04 16:33:19 | INFO | Starting project: crown_db v0.0.1
2026-03-04 16:33:19 | INFO | Database ready: data\db\crowns.sqlite3
2026-03-04 16:33:24 | INFO | Pix2Pix synth done: tree=tree_001 A=50.0 -> B=55.0 saved=data\roi_norm\tree_001_55_pix2pix_from_50.png
2026-03-04 16:39:05 | INFO | Starting project: crown_db v0.0.1
2026-03-04 16:39:05 | INFO | Database ready: data\db\crowns.sqlite3
2026-03-04 16:39:30 | INFO | Starting project: crown_db v0.0.1
2026-03-04 16:39:30 | INFO | Database ready: data\db\crowns.sqlite3
2026-03-04 16:39:42 | INFO | Starting project: crown_db v0.0.1
2026-03-04 16:39:42 | INFO | Database ready: data\db\crowns.sqlite3
2026-03-04 16:44:59 | INFO | Starting project: crown_db v0.0.1
2026-03-04 16:44:59 | INFO | Database ready: data\db\crowns.sqlite3
2026-03-04 16:45:01 | INFO | Pix2Pix synth done: tree=tree_001 A=10.0 -> B=25.0 saved=data\roi_norm\tree_001_25_pix2pix_from_10.png
2026-03-04 16:53:43 | INFO | Starting project: crown_db v0.0.1
2026-03-04 16:53:43 | INFO | Database ready: data\db\crowns.sqlite3
2026-03-04 16:53:44 | INFO | Pix2Pix synth done: tree=tree_001 A=10.0 -> B=25.0 saved=data\roi_norm\tree_001_25_pix2pix_from_10.png
2026-03-04 16:54:02 | INFO | Starting project: crown_db v0.0.1
2026-03-04 16:54:02 | INFO | Database ready: data\db\crowns.sqlite3
2026-03-04 16:54:02 | WARNING | No neighbor source for tree=tree_001 target_h=55.0
2026-03-04 16:54:27 | INFO | Starting project: crown_db v0.0.1
2026-03-04 16:54:27 | INFO | Database ready: data\db\crowns.sqlite3
2026-03-04 16:54:27 | WARNING | No neighbor source for tree=tree_001 target_h=25.0
2026-03-04 16:54:51 | INFO | Starting project: crown_db v0.0.1
2026-03-04 16:54:51 | INFO | Database ready: data\db\crowns.sqlite3
2026-03-04 16:55:08 | INFO | Starting project: crown_db v0.0.1
2026-03-04 16:55:08 | INFO | Database ready: data\db\crowns.sqlite3
2026-03-04 16:55:08 | WARNING | No neighbor source for tree=tree_001 target_h=65.0
2026-03-04 16:55:15 | INFO | Starting project: crown_db v0.0.1
2026-03-04 16:55:15 | INFO | Database ready: data\db\crowns.sqlite3
2026-03-04 16:55:50 | INFO | Starting project: crown_db v0.0.1
2026-03-04 16:55:50 | INFO | Database ready: data\db\crowns.sqlite3
2026-03-04 16:55:50 | WARNING | No neighbor source for tree=tree_001 target_h=5.0
2026-03-04 16:56:05 | INFO | Starting project: crown_db v0.0.1
2026-03-04 16:56:05 | INFO | Database ready: data\db\crowns.sqlite3
2026-03-04 16:56:05 | WARNING | No neighbor source for tree=tree_001 target_h=125.0
2026-03-04 16:56:13 | INFO | Starting project: crown_db v0.0.1
2026-03-04 16:56:13 | INFO | Database ready: data\db\crowns.sqlite3
2026-03-04 16:57:35 | INFO | Starting project: crown_db v0.0.1
2026-03-04 16:57:35 | INFO | Database ready: data\db\crowns.sqlite3
2026-03-04 16:57:35 | WARNING | No neighbor source for tree=tree_001 target_h=125.0
2026-03-04 16:58:22 | INFO | Starting project: crown_db v0.0.1
2026-03-04 16:58:22 | INFO | Database ready: data\db\crowns.sqlite3
2026-03-04 16:58:22 | WARNING | No neighbor source for tree=tree_001 target_h=125.0
2026-03-04 16:58:55 | INFO | Starting project: crown_db v0.0.1
2026-03-04 16:58:55 | INFO | Database ready: data\db\crowns.sqlite3
2026-03-04 16:59:44 | INFO | Starting project: crown_db v0.0.1
2026-03-04 16:59:44 | INFO | Database ready: data\db\crowns.sqlite3
2026-03-04 16:59:49 | INFO | Pix2Pix synth done: tree=tree_001 A=50.0 -> B=65.0 saved=data\roi_norm\tree_001_65_pix2pix_from_50.png
2026-03-04 16:59:58 | INFO | Starting project: crown_db v0.0.1
2026-03-04 16:59:58 | INFO | Database ready: data\db\crowns.sqlite3
2026-03-04 17:01:21 | INFO | Starting project: crown_db v0.0.1
2026-03-04 17:01:21 | INFO | Database ready: data\db\crowns.sqlite3
2026-03-04 17:01:25 | INFO | Pix2Pix synth done: tree=tree_001 A=10.0 -> B=35.0 saved=data\roi_norm\tree_001_35_pix2pix_from_10.png
2026-03-04 17:01:33 | INFO | Starting project: crown_db v0.0.1
2026-03-04 17:01:33 | INFO | Database ready: data\db\crowns.sqlite3
2026-05-10 12:46:39 | INFO | Starting project: crown_db v0.0.1
2026-05-10 12:46:39 | INFO | Database ready: data\db\crowns.sqlite3
2026-05-10 12:48:09 | INFO | Starting project: crown_db v0.0.1
2026-05-10 12:48:09 | INFO | Database ready: data\db\crowns.sqlite3
2026-05-10 12:48:21 | INFO | Pix2Pix synth done: tree=tree_001 A=70.0 -> B=50.0 saved=data\roi_norm\tree_001_50_pix2pix_from_70.png
2026-05-10 12:48:37 | INFO | Starting project: crown_db v0.0.1
2026-05-10 12:48:37 | INFO | Database ready: data\db\crowns.sqlite3
2026-05-10 12:50:29 | INFO | Starting project: crown_db v0.0.1
2026-05-10 12:50:29 | INFO | Database ready: data\db\crowns.sqlite3
2026-05-10 12:50:33 | INFO | build_levels done. Upserted 8 rows.
2026-05-10 12:50:42 | INFO | Starting project: crown_db v0.0.1
2026-05-10 12:50:42 | INFO | Database ready: data\db\crowns.sqlite3
2026-05-10 12:50:42 | INFO | normalize_scale done. Processed=0
2026-05-10 12:50:51 | INFO | Starting project: crown_db v0.0.1
2026-05-10 12:50:51 | INFO | Database ready: data\db\crowns.sqlite3
2026-05-10 12:57:52 | INFO | Starting project: crown_db v0.0.1
2026-05-10 12:57:52 | INFO | Database ready: data\db\crowns.sqlite3
2026-05-10 12:57:52 | WARNING | SAFETY BLOCK: target level is REAL. tree=tree_001 h=70.0 roi=data\roi_norm\tree_001_70.png. Pix2Pix synth is cancelled. Use --overwrite-real only if you intentionally want to replace REAL.
2026-05-10 12:58:06 | INFO | Starting project: crown_db v0.0.1
2026-05-10 12:58:06 | INFO | Database ready: data\db\crowns.sqlite3
2026-05-10 13:00:29 | INFO | Starting project: crown_db v0.0.1
2026-05-10 13:00:29 | INFO | Database ready: data\db\crowns.sqlite3
2026-05-10 13:00:38 | INFO | Starting project: crown_db v0.0.1
2026-05-10 13:00:38 | INFO | Database ready: data\db\crowns.sqlite3
2026-05-10 13:01:52 | INFO | Starting project: crown_db v0.0.1
2026-05-10 13:01:52 | INFO | Database ready: data\db\crowns.sqlite3
2026-05-10 13:01:52 | WARNING | No suitable source found for tree=tree_001 target_h=60.0. Try --allow-far or --src-h <height>.
2026-05-10 13:02:10 | INFO | Starting project: crown_db v0.0.1
2026-05-10 13:02:10 | INFO | Database ready: data\db\crowns.sqlite3
2026-05-10 13:02:11 | INFO | Pix2Pix synth done: tree=tree_001 A=50.0 -> B=60.0 saved=data\roi_norm\tree_001_60_pix2pix_from_50.png
2026-05-10 13:02:22 | INFO | Starting project: crown_db v0.0.1
2026-05-10 13:02:22 | INFO | Database ready: data\db\crowns.sqlite3
2026-05-10 13:02:38 | INFO | Starting project: crown_db v0.0.1
2026-05-10 13:02:38 | INFO | Database ready: data\db\crowns.sqlite3
2026-05-10 13:02:39 | INFO | Pix2Pix synth done: tree=tree_001 A=50.0 -> B=0.0 saved=data\roi_norm\tree_001_0_pix2pix_from_50.png
2026-05-10 13:02:40 | INFO | Pix2Pix synth done: tree=tree_001 A=50.0 -> B=5.0 saved=data\roi_norm\tree_001_5_pix2pix_from_50.png
2026-05-10 13:02:40 | INFO | Pix2Pix synth done: tree=tree_001 A=50.0 -> B=75.0 saved=data\roi_norm\tree_001_75_pix2pix_from_50.png
2026-05-10 13:02:41 | INFO | Pix2Pix synth done: tree=tree_001 A=50.0 -> B=80.0 saved=data\roi_norm\tree_001_80_pix2pix_from_50.png
2026-05-10 13:02:42 | INFO | Pix2Pix synth done: tree=tree_001 A=50.0 -> B=85.0 saved=data\roi_norm\tree_001_85_pix2pix_from_50.png
2026-05-10 13:02:45 | INFO | Pix2Pix synth done: tree=tree_001 A=50.0 -> B=90.0 saved=data\roi_norm\tree_001_90_pix2pix_from_50.png
2026-05-10 13:02:46 | INFO | Pix2Pix synth done: tree=tree_001 A=50.0 -> B=95.0 saved=data\roi_norm\tree_001_95_pix2pix_from_50.png
2026-05-10 13:02:47 | INFO | Pix2Pix synth done: tree=tree_001 A=50.0 -> B=125.0 saved=data\roi_norm\tree_001_125_pix2pix_from_50.png
2026-05-10 13:03:03 | INFO | Starting project: crown_db v0.0.1
2026-05-10 13:03:03 | INFO | Database ready: data\db\crowns.sqlite3
2026-05-10 13:11:54 | INFO | Starting project: crown_db v0.0.1
2026-05-10 13:11:54 | INFO | Database ready: data\db\crowns.sqlite3
2026-05-10 13:20:00 | INFO | Starting project: crown_db v0.0.1
2026-05-10 13:20:00 | INFO | Database ready: data\db\crowns.sqlite3
2026-05-10 13:20:00 | INFO | Added column: annotations.mask_path (TEXT)
2026-05-10 13:20:00 | INFO | Added column: crown_observations.roi_mask_raw_path (TEXT)
2026-05-10 13:20:01 | INFO | Added column: crown_levels.roi_mask_norm_path (TEXT)
2026-05-10 13:20:25 | INFO | Starting project: crown_db v0.0.1
2026-05-10 13:20:25 | INFO | Database ready: data\db\crowns.sqlite3
2026-05-10 13:20:25 | INFO | OK: column already exists: annotations.mask_path
2026-05-10 13:20:25 | INFO | OK: column already exists: crown_observations.roi_mask_raw_path
2026-05-10 13:20:25 | INFO | OK: column already exists: crown_levels.roi_mask_norm_path
2026-05-10 13:25:11 | INFO | Starting project: crown_db v0.0.1
2026-05-10 13:25:11 | INFO | Database ready: data\db\crowns.sqlite3
2026-05-10 13:25:12 | INFO | Ellipse mask created: annotation_id=cdb9f421-5ca3-4871-9682-72b84bbd6228 path=data\masks\ellipse\cdb9f421-5ca3-4871-9682-72b84bbd6228.png
2026-05-10 13:25:12 | INFO | Ellipse mask created: annotation_id=facc262e-d17e-4bad-bcab-a22ca460a558 path=data\masks\ellipse\facc262e-d17e-4bad-bcab-a22ca460a558.png
2026-05-10 13:25:13 | INFO | Ellipse mask created: annotation_id=d03d2d9d-ff95-4ed3-a662-0dc9d9ee0d64 path=data\masks\ellipse\d03d2d9d-ff95-4ed3-a662-0dc9d9ee0d64.png
2026-05-10 13:25:13 | INFO | Ellipse mask created: annotation_id=c7cea12d-2ed6-4fde-9189-d150ce6ce814 path=data\masks\ellipse\c7cea12d-2ed6-4fde-9189-d150ce6ce814.png
2026-05-10 13:25:13 | INFO | Ellipse mask created: annotation_id=738f18cf-0a09-42c4-b92a-e22abc38a4ec path=data\masks\ellipse\738f18cf-0a09-42c4-b92a-e22abc38a4ec.png
2026-05-10 13:25:14 | INFO | Ellipse mask created: annotation_id=90b31cf8-f0fa-40d1-9534-a72cea912a92 path=data\masks\ellipse\90b31cf8-f0fa-40d1-9534-a72cea912a92.png
2026-05-10 13:25:14 | INFO | Ellipse mask created: annotation_id=3f6e6fa8-e208-4e81-a4b6-6df86efdea1d path=data\masks\ellipse\3f6e6fa8-e208-4e81-a4b6-6df86efdea1d.png
2026-05-10 13:25:14 | INFO | Ellipse mask created: annotation_id=f3f47982-d74b-4012-b61b-c79ea30b33df path=data\masks\ellipse\f3f47982-d74b-4012-b61b-c79ea30b33df.png
2026-05-10 13:25:15 | INFO | Ellipse mask created: annotation_id=5112139e-b1d2-49c4-92c1-a18cd571da08 path=data\masks\ellipse\5112139e-b1d2-49c4-92c1-a18cd571da08.png
2026-05-10 13:25:15 | INFO | Ellipse mask created: annotation_id=71887481-37f5-4dd4-82d6-64f1791927e6 path=data\masks\ellipse\71887481-37f5-4dd4-82d6-64f1791927e6.png
2026-05-10 13:25:16 | INFO | Ellipse mask created: annotation_id=3e03d6ff-d4f2-4c57-93fe-e2c07a3c4b2c path=data\masks\ellipse\3e03d6ff-d4f2-4c57-93fe-e2c07a3c4b2c.png
2026-05-10 13:32:50 | INFO | Starting project: crown_db v0.0.1
2026-05-10 13:32:50 | INFO | Database ready: data\db\crowns.sqlite3
2026-05-10 13:32:50 | INFO | ROI mask created: obs_id=496ca883-6dfb-42b6-b31e-849e8b35c6c9 path=data\roi_mask_raw\496ca883-6dfb-42b6-b31e-849e8b35c6c9.png
2026-05-10 13:32:50 | INFO | ROI mask created: obs_id=2d88bc15-c233-4064-b7bf-6e029e25e5de path=data\roi_mask_raw\2d88bc15-c233-4064-b7bf-6e029e25e5de.png
2026-05-10 13:32:50 | INFO | ROI mask created: obs_id=979d4be8-554b-46a2-ad99-0bffa1c91ab1 path=data\roi_mask_raw\979d4be8-554b-46a2-ad99-0bffa1c91ab1.png
2026-05-10 13:32:50 | INFO | ROI mask created: obs_id=3b62c0c5-3a67-4db3-85ba-3486f4a7d1b3 path=data\roi_mask_raw\3b62c0c5-3a67-4db3-85ba-3486f4a7d1b3.png
2026-05-10 13:32:50 | INFO | ROI mask created: obs_id=10b6e64c-ec7b-431e-af5b-08a1ee418ad1 path=data\roi_mask_raw\10b6e64c-ec7b-431e-af5b-08a1ee418ad1.png
2026-05-10 13:32:51 | INFO | ROI mask created: obs_id=ec921163-4daa-4b4e-97c1-a4f774b28adc path=data\roi_mask_raw\ec921163-4daa-4b4e-97c1-a4f774b28adc.png
2026-05-10 13:32:51 | INFO | ROI mask created: obs_id=d0bc7522-9a52-4d90-8eae-7fe19f068ce0 path=data\roi_mask_raw\d0bc7522-9a52-4d90-8eae-7fe19f068ce0.png
2026-05-10 13:32:51 | INFO | ROI mask created: obs_id=36656cc0-c6e7-4cc7-8923-6e2e7743e604 path=data\roi_mask_raw\36656cc0-c6e7-4cc7-8923-6e2e7743e604.png
2026-05-10 13:32:51 | INFO | ROI mask created: obs_id=a8bef3ce-72ed-4f6b-ae02-cc3a0cfe4ee4 path=data\roi_mask_raw\a8bef3ce-72ed-4f6b-ae02-cc3a0cfe4ee4.png
2026-05-10 13:32:51 | INFO | ROI mask created: obs_id=219eef2d-fd46-4686-90c2-63a82aec7f31 path=data\roi_mask_raw\219eef2d-fd46-4686-90c2-63a82aec7f31.png
2026-05-10 13:32:51 | INFO | ROI mask created: obs_id=80f80e29-9794-4d60-8017-42f5ab837633 path=data\roi_mask_raw\80f80e29-9794-4d60-8017-42f5ab837633.png
2026-05-10 13:36:58 | INFO | Starting project: crown_db v0.0.1
2026-05-10 13:36:58 | INFO | Database ready: data\db\crowns.sqlite3
2026-05-10 13:36:58 | INFO | Normalized mask: tree=tree_001 h=50.0 -> data\roi_mask_norm\tree_001_50.png
2026-05-10 13:38:44 | INFO | Starting project: crown_db v0.0.1
2026-05-10 13:38:44 | INFO | Database ready: data\db\crowns.sqlite3
2026-05-10 13:42:01 | INFO | Starting project: crown_db v0.0.1
2026-05-10 13:42:01 | INFO | Database ready: data\db\crowns.sqlite3
2026-05-10 13:42:01 | INFO | Normalized mask: tree=tree_001 h=10.0 -> data\roi_mask_norm\tree_001_10.png
2026-05-10 13:42:01 | INFO | Normalized mask: tree=tree_001 h=15.0 -> data\roi_mask_norm\tree_001_15.png
2026-05-10 13:42:01 | INFO | Normalized mask: tree=tree_001 h=30.0 -> data\roi_mask_norm\tree_001_30.png
2026-05-10 13:42:01 | INFO | Normalized mask: tree=tree_001 h=40.0 -> data\roi_mask_norm\tree_001_40.png
2026-05-10 13:42:01 | INFO | Normalized mask: tree=tree_001 h=45.0 -> data\roi_mask_norm\tree_001_45.png
2026-05-10 13:42:01 | INFO | Skip normalized mask exists: tree=tree_001 h=50.0
2026-05-10 13:42:01 | INFO | Normalized mask: tree=tree_001 h=70.0 -> data\roi_mask_norm\tree_001_70.png
2026-05-10 13:42:01 | INFO | Normalized mask: tree=tree_001 h=100.0 -> data\roi_mask_norm\tree_001_100.png
2026-05-10 13:42:01 | INFO | Normalized mask: tree=tree_001 h=150.0 -> data\roi_mask_norm\tree_001_150.png
2026-05-10 13:42:35 | INFO | Starting project: crown_db v0.0.1
2026-05-10 13:42:35 | INFO | Database ready: data\db\crowns.sqlite3
2026-05-10 13:50:14 | INFO | Starting project: crown_db v0.0.1
2026-05-10 13:50:14 | INFO | Database ready: data\db\crowns.sqlite3
2026-05-10 13:56:10 | INFO | Starting project: crown_db v0.0.1
2026-05-10 13:56:10 | INFO | Database ready: data\db\crowns.sqlite3
2026-05-10 14:02:50 | INFO | Starting project: crown_db v0.0.1
2026-05-10 14:02:50 | INFO | Database ready: data\db\crowns.sqlite3
2026-05-10 14:09:29 | INFO | Starting project: crown_db v0.0.1
2026-05-10 14:09:29 | INFO | Database ready: data\db\crowns.sqlite3
2026-05-10 14:09:29 | INFO | Synth mask created: tree=tree_001 h=0.0 from 50.0 -> data\roi_mask_norm\tree_001_0_synth_mask_from_50.png
2026-05-10 14:09:29 | INFO | Synth mask created: tree=tree_001 h=5.0 from 50.0 -> data\roi_mask_norm\tree_001_5_synth_mask_from_50.png
2026-05-10 14:09:29 | WARNING | No synth_src_h for SYNTH level: tree=tree_001 h=20.0
2026-05-10 14:09:29 | INFO | Synth mask created: tree=tree_001 h=25.0 from 10.0 -> data\roi_mask_norm\tree_001_25_synth_mask_from_10.png
2026-05-10 14:09:29 | WARNING | No synth_src_h for SYNTH level: tree=tree_001 h=27.0
2026-05-10 14:09:29 | INFO | Synth mask created: tree=tree_001 h=35.0 from 10.0 -> data\roi_mask_norm\tree_001_35_synth_mask_from_10.png
2026-05-10 14:09:29 | INFO | Synth mask created: tree=tree_001 h=55.0 from 50.0 -> data\roi_mask_norm\tree_001_55_synth_mask_from_50.png
2026-05-10 14:09:29 | INFO | Synth mask created: tree=tree_001 h=60.0 from 50.0 -> data\roi_mask_norm\tree_001_60_synth_mask_from_50.png
2026-05-10 14:09:29 | INFO | Synth mask created: tree=tree_001 h=65.0 from 50.0 -> data\roi_mask_norm\tree_001_65_synth_mask_from_50.png
2026-05-10 14:09:29 | INFO | Synth mask created: tree=tree_001 h=75.0 from 50.0 -> data\roi_mask_norm\tree_001_75_synth_mask_from_50.png
2026-05-10 14:09:29 | INFO | Synth mask created: tree=tree_001 h=80.0 from 50.0 -> data\roi_mask_norm\tree_001_80_synth_mask_from_50.png
2026-05-10 14:09:29 | INFO | Synth mask created: tree=tree_001 h=85.0 from 50.0 -> data\roi_mask_norm\tree_001_85_synth_mask_from_50.png
2026-05-10 14:09:29 | INFO | Synth mask created: tree=tree_001 h=90.0 from 50.0 -> data\roi_mask_norm\tree_001_90_synth_mask_from_50.png
2026-05-10 14:09:29 | INFO | Synth mask created: tree=tree_001 h=95.0 from 50.0 -> data\roi_mask_norm\tree_001_95_synth_mask_from_50.png
2026-05-10 14:09:29 | INFO | Synth mask created: tree=tree_001 h=125.0 from 50.0 -> data\roi_mask_norm\tree_001_125_synth_mask_from_50.png
2026-05-10 14:09:39 | INFO | Starting project: crown_db v0.0.1
2026-05-10 14:09:39 | INFO | Database ready: data\db\crowns.sqlite3
2026-05-10 14:09:52 | INFO | Starting project: crown_db v0.0.1
2026-05-10 14:09:52 | INFO | Database ready: data\db\crowns.sqlite3
2026-05-10 14:10:00 | INFO | Starting project: crown_db v0.0.1
2026-05-10 14:10:00 | INFO | Database ready: data\db\crowns.sqlite3
2026-05-10 14:22:48 | INFO | Starting project: crown_db v0.0.1
2026-05-10 14:22:48 | INFO | Database ready: data\db\crowns.sqlite3
2026-05-10 14:59:33 | INFO | Starting project: crown_db v0.0.1
2026-05-10 14:59:33 | INFO | Database ready: data\db\crowns.sqlite3
2026-05-10 14:59:33 | WARNING | Skipped (maybe duplicate): D:\Users\Ekateryna\Desktop\Mag_projects\data\raw_images\ Береза 100м.JPG | UNIQUE constraint failed: images.path
2026-05-10 14:59:33 | WARNING | Skipped (maybe duplicate): D:\Users\Ekateryna\Desktop\Mag_projects\data\raw_images\ Береза 150м.JPG | UNIQUE constraint failed: images.path
2026-05-10 14:59:33 | WARNING | Skipped (maybe duplicate): D:\Users\Ekateryna\Desktop\Mag_projects\data\raw_images\береза  45м.JPG | UNIQUE constraint failed: images.path
2026-05-10 14:59:33 | WARNING | Skipped (maybe duplicate): D:\Users\Ekateryna\Desktop\Mag_projects\data\raw_images\береза 16м.JPG | UNIQUE constraint failed: images.path
2026-05-10 14:59:33 | WARNING | Skipped (maybe duplicate): D:\Users\Ekateryna\Desktop\Mag_projects\data\raw_images\береза 25м.JPG | UNIQUE constraint failed: images.path
2026-05-10 14:59:33 | INFO | Imported: D:\Users\Ekateryna\Desktop\Mag_projects\data\raw_images\Береза 3  100м.JPG
2026-05-10 14:59:33 | INFO | Imported: D:\Users\Ekateryna\Desktop\Mag_projects\data\raw_images\Береза 3  150м.JPG
2026-05-10 14:59:33 | INFO | Imported: D:\Users\Ekateryna\Desktop\Mag_projects\data\raw_images\Береза 3  24м.JPG
2026-05-10 14:59:33 | INFO | Imported: D:\Users\Ekateryna\Desktop\Mag_projects\data\raw_images\Береза 3 25м.JPG
2026-05-10 14:59:33 | INFO | Imported: D:\Users\Ekateryna\Desktop\Mag_projects\data\raw_images\Береза 3 30м.JPG
2026-05-10 14:59:33 | INFO | Imported: D:\Users\Ekateryna\Desktop\Mag_projects\data\raw_images\Береза 3 40м.JPG
2026-05-10 14:59:33 | INFO | Imported: D:\Users\Ekateryna\Desktop\Mag_projects\data\raw_images\Береза 3 50м.JPG
2026-05-10 14:59:33 | INFO | Imported: D:\Users\Ekateryna\Desktop\Mag_projects\data\raw_images\Береза 3 80м.JPG
2026-05-10 14:59:33 | WARNING | Skipped (maybe duplicate): D:\Users\Ekateryna\Desktop\Mag_projects\data\raw_images\береза 30м.JPG | UNIQUE constraint failed: images.path
2026-05-10 14:59:33 | WARNING | Skipped (maybe duplicate): D:\Users\Ekateryna\Desktop\Mag_projects\data\raw_images\береза 35м.JPG | UNIQUE constraint failed: images.path
2026-05-10 14:59:33 | WARNING | Skipped (maybe duplicate): D:\Users\Ekateryna\Desktop\Mag_projects\data\raw_images\береза 40м.JPG | UNIQUE constraint failed: images.path
2026-05-10 14:59:33 | WARNING | Skipped (maybe duplicate): D:\Users\Ekateryna\Desktop\Mag_projects\data\raw_images\Береза 50м.JPG | UNIQUE constraint failed: images.path
2026-05-10 14:59:33 | WARNING | Skipped (maybe duplicate): D:\Users\Ekateryna\Desktop\Mag_projects\data\raw_images\береза 70м.JPG | UNIQUE constraint failed: images.path
2026-05-10 14:59:33 | WARNING | Skipped (maybe duplicate): D:\Users\Ekateryna\Desktop\Mag_projects\data\raw_images\Береза 8м.JPG | UNIQUE constraint failed: images.path
2026-05-10 14:59:33 | INFO | Imported: D:\Users\Ekateryna\Desktop\Mag_projects\data\raw_images\Сосна 12 - 0,6м.JPG
2026-05-10 14:59:33 | INFO | Imported: D:\Users\Ekateryna\Desktop\Mag_projects\data\raw_images\Сосна 12 - 100м.JPG
2026-05-10 14:59:33 | INFO | Imported: D:\Users\Ekateryna\Desktop\Mag_projects\data\raw_images\Сосна 12 - 10м.JPG
2026-05-10 14:59:33 | INFO | Imported: D:\Users\Ekateryna\Desktop\Mag_projects\data\raw_images\Сосна 12 - 150м.JPG
2026-05-10 14:59:33 | INFO | Imported: D:\Users\Ekateryna\Desktop\Mag_projects\data\raw_images\Сосна 12 - 15м.JPG
2026-05-10 14:59:33 | INFO | Imported: D:\Users\Ekateryna\Desktop\Mag_projects\data\raw_images\Сосна 12 - 20м.JPG
2026-05-10 14:59:33 | INFO | Imported: D:\Users\Ekateryna\Desktop\Mag_projects\data\raw_images\Сосна 12 - 25м.JPG
2026-05-10 14:59:33 | INFO | Imported: D:\Users\Ekateryna\Desktop\Mag_projects\data\raw_images\Сосна 12 - 3,5м.JPG
2026-05-10 14:59:33 | INFO | Imported: D:\Users\Ekateryna\Desktop\Mag_projects\data\raw_images\Сосна 12 - 30м.JPG
2026-05-10 14:59:33 | INFO | Imported: D:\Users\Ekateryna\Desktop\Mag_projects\data\raw_images\Сосна 12 - 35м.JPG
2026-05-10 14:59:33 | INFO | Imported: D:\Users\Ekateryna\Desktop\Mag_projects\data\raw_images\Сосна 12 - 40м.JPG
2026-05-10 14:59:33 | INFO | Imported: D:\Users\Ekateryna\Desktop\Mag_projects\data\raw_images\Сосна 12 - 45м.JPG
2026-05-10 14:59:33 | INFO | Imported: D:\Users\Ekateryna\Desktop\Mag_projects\data\raw_images\Сосна 12 - 50м.JPG
2026-05-10 14:59:33 | INFO | Imported: D:\Users\Ekateryna\Desktop\Mag_projects\data\raw_images\Сосна 12 - 80м.JPG
2026-05-10 14:59:33 | INFO | Import finished. Added 22 images.
2026-05-10 14:59:44 | INFO | Starting project: crown_db v0.0.1
2026-05-10 14:59:44 | INFO | Database ready: data\db\crowns.sqlite3
2026-05-10 15:00:00 | INFO | Starting project: crown_db v0.0.1
2026-05-10 15:00:00 | INFO | Database ready: data\db\crowns.sqlite3
2026-05-10 15:00:00 | INFO | Set flight_altitude=100.00 for D:\Users\Ekateryna\Desktop\Mag_projects\data\raw_images\Береза 3  100м.JPG
2026-05-10 15:00:00 | INFO | Set flight_altitude=150.00 for D:\Users\Ekateryna\Desktop\Mag_projects\data\raw_images\Береза 3  150м.JPG
2026-05-10 15:00:00 | INFO | Set flight_altitude=24.00 for D:\Users\Ekateryna\Desktop\Mag_projects\data\raw_images\Береза 3  24м.JPG
2026-05-10 15:00:00 | INFO | Set flight_altitude=25.00 for D:\Users\Ekateryna\Desktop\Mag_projects\data\raw_images\Береза 3 25м.JPG
2026-05-10 15:00:00 | INFO | Set flight_altitude=30.00 for D:\Users\Ekateryna\Desktop\Mag_projects\data\raw_images\Береза 3 30м.JPG
2026-05-10 15:00:00 | INFO | Set flight_altitude=40.00 for D:\Users\Ekateryna\Desktop\Mag_projects\data\raw_images\Береза 3 40м.JPG
2026-05-10 15:00:00 | INFO | Set flight_altitude=50.00 for D:\Users\Ekateryna\Desktop\Mag_projects\data\raw_images\Береза 3 50м.JPG
2026-05-10 15:00:00 | INFO | Set flight_altitude=80.00 for D:\Users\Ekateryna\Desktop\Mag_projects\data\raw_images\Береза 3 80м.JPG
2026-05-10 15:00:00 | INFO | Set flight_altitude=0.60 for D:\Users\Ekateryna\Desktop\Mag_projects\data\raw_images\Сосна 12 - 0,6м.JPG
2026-05-10 15:00:00 | INFO | Set flight_altitude=100.00 for D:\Users\Ekateryna\Desktop\Mag_projects\data\raw_images\Сосна 12 - 100м.JPG
2026-05-10 15:00:00 | INFO | Set flight_altitude=10.00 for D:\Users\Ekateryna\Desktop\Mag_projects\data\raw_images\Сосна 12 - 10м.JPG
2026-05-10 15:00:00 | INFO | Set flight_altitude=150.00 for D:\Users\Ekateryna\Desktop\Mag_projects\data\raw_images\Сосна 12 - 150м.JPG
2026-05-10 15:00:00 | INFO | Set flight_altitude=15.00 for D:\Users\Ekateryna\Desktop\Mag_projects\data\raw_images\Сосна 12 - 15м.JPG
2026-05-10 15:00:00 | INFO | Set flight_altitude=20.00 for D:\Users\Ekateryna\Desktop\Mag_projects\data\raw_images\Сосна 12 - 20м.JPG
2026-05-10 15:00:00 | INFO | Set flight_altitude=25.00 for D:\Users\Ekateryna\Desktop\Mag_projects\data\raw_images\Сосна 12 - 25м.JPG
2026-05-10 15:00:00 | INFO | Set flight_altitude=3.50 for D:\Users\Ekateryna\Desktop\Mag_projects\data\raw_images\Сосна 12 - 3,5м.JPG
2026-05-10 15:00:00 | INFO | Set flight_altitude=30.00 for D:\Users\Ekateryna\Desktop\Mag_projects\data\raw_images\Сосна 12 - 30м.JPG
2026-05-10 15:00:00 | INFO | Set flight_altitude=35.00 for D:\Users\Ekateryna\Desktop\Mag_projects\data\raw_images\Сосна 12 - 35м.JPG
2026-05-10 15:00:00 | INFO | Set flight_altitude=40.00 for D:\Users\Ekateryna\Desktop\Mag_projects\data\raw_images\Сосна 12 - 40м.JPG
2026-05-10 15:00:00 | INFO | Set flight_altitude=45.00 for D:\Users\Ekateryna\Desktop\Mag_projects\data\raw_images\Сосна 12 - 45м.JPG
2026-05-10 15:00:00 | INFO | Set flight_altitude=50.00 for D:\Users\Ekateryna\Desktop\Mag_projects\data\raw_images\Сосна 12 - 50м.JPG
2026-05-10 15:00:00 | INFO | Set flight_altitude=80.00 for D:\Users\Ekateryna\Desktop\Mag_projects\data\raw_images\Сосна 12 - 80м.JPG
2026-05-10 15:00:00 | INFO | fill_flight_altitude_from_filename: updated=22
2026-05-10 15:00:10 | INFO | Starting project: crown_db v0.0.1
2026-05-10 15:00:10 | INFO | Database ready: data\db\crowns.sqlite3
2026-05-10 15:03:35 | INFO | Starting project: crown_db v0.0.1
2026-05-10 15:03:35 | INFO | Database ready: data\db\crowns.sqlite3
2026-05-10 15:03:40 | INFO | Opened image 1/33: D:\Users\Ekateryna\Desktop\Mag_projects\data\raw_images\береза 16м.JPG
2026-05-10 15:04:10 | INFO | Opened image 2/33: D:\Users\Ekateryna\Desktop\Mag_projects\data\raw_images\Береза 8м.JPG
2026-05-10 15:04:12 | INFO | Opened image 3/33: D:\Users\Ekateryna\Desktop\Mag_projects\data\raw_images\береза 25м.JPG
2026-05-10 15:04:13 | INFO | Opened image 4/33: D:\Users\Ekateryna\Desktop\Mag_projects\data\raw_images\ Береза 100м.JPG
2026-05-10 15:04:14 | INFO | Opened image 5/33: D:\Users\Ekateryna\Desktop\Mag_projects\data\raw_images\ Береза 150м.JPG
2026-05-10 15:04:15 | INFO | Opened image 6/33: D:\Users\Ekateryna\Desktop\Mag_projects\data\raw_images\береза  45м.JPG
2026-05-10 15:04:16 | INFO | Opened image 7/33: D:\Users\Ekateryna\Desktop\Mag_projects\data\raw_images\береза 30м.JPG
2026-05-10 15:04:17 | INFO | Opened image 8/33: D:\Users\Ekateryna\Desktop\Mag_projects\data\raw_images\береза 35м.JPG
2026-05-10 15:04:18 | INFO | Opened image 9/33: D:\Users\Ekateryna\Desktop\Mag_projects\data\raw_images\береза 40м.JPG
2026-05-10 15:04:19 | INFO | Opened image 10/33: D:\Users\Ekateryna\Desktop\Mag_projects\data\raw_images\Береза 50м.JPG
2026-05-10 15:04:20 | INFO | Opened image 11/33: D:\Users\Ekateryna\Desktop\Mag_projects\data\raw_images\береза 70м.JPG
2026-05-10 15:04:21 | INFO | Opened image 12/33: D:\Users\Ekateryna\Desktop\Mag_projects\data\raw_images\Береза 3  100м.JPG
2026-05-10 15:05:01 | INFO | Center set: (3414, 1614)
2026-05-10 15:05:02 | INFO | Center set: (3472, 1712)
2026-05-10 15:05:05 | INFO | Center set: (3414, 1614)
2026-05-10 15:05:08 | INFO | Theta: 5.0 deg
2026-05-10 15:05:08 | INFO | Theta: 10.0 deg
2026-05-10 15:05:08 | INFO | Theta: 15.0 deg
2026-05-10 15:05:09 | INFO | Theta: 20.0 deg
2026-05-10 15:05:09 | INFO | Theta: 25.0 deg
2026-05-10 15:05:09 | INFO | Theta: 30.0 deg
2026-05-10 15:05:09 | INFO | Theta: 35.0 deg
2026-05-10 15:05:10 | INFO | Theta: 30.0 deg
2026-05-10 15:05:10 | INFO | Theta: 25.0 deg
2026-05-10 15:05:10 | INFO | Theta: 20.0 deg
2026-05-10 15:05:10 | INFO | Theta: 15.0 deg
2026-05-10 15:05:10 | INFO | Theta: 10.0 deg
2026-05-10 15:05:10 | INFO | Theta: 15.0 deg
2026-05-10 15:05:11 | INFO | Theta: 20.0 deg
2026-05-10 15:05:12 | INFO | Theta: 25.0 deg
2026-05-10 15:05:12 | INFO | Theta: 20.0 deg
2026-05-10 15:05:16 | INFO | Opened image 13/33: D:\Users\Ekateryna\Desktop\Mag_projects\data\raw_images\Береза 3  150м.JPG
2026-05-10 15:05:17 | INFO | Opened image 14/33: D:\Users\Ekateryna\Desktop\Mag_projects\data\raw_images\Береза 3  24м.JPG
2026-05-10 15:05:19 | INFO | Opened image 15/33: D:\Users\Ekateryna\Desktop\Mag_projects\data\raw_images\Береза 3 25м.JPG
2026-05-10 15:05:21 | INFO | Center set: (2829, 1706)
2026-05-10 15:05:22 | INFO | Radii set: a=777.0 b=543.9
2026-05-10 15:05:23 | INFO | Theta: -5.0 deg
2026-05-10 15:05:23 | INFO | Theta: -10.0 deg
2026-05-10 15:05:23 | INFO | Theta: -15.0 deg
2026-05-10 15:05:23 | INFO | Theta: -20.0 deg
2026-05-10 15:05:23 | INFO | Theta: -25.0 deg
2026-05-10 15:05:23 | INFO | Theta: -30.0 deg
2026-05-10 15:05:23 | INFO | Theta: -35.0 deg
2026-05-10 15:05:23 | INFO | Theta: -40.0 deg
2026-05-10 15:05:23 | INFO | Theta: -45.0 deg
2026-05-10 15:05:24 | INFO | Theta: -50.0 deg
2026-05-10 15:05:24 | INFO | Theta: -55.0 deg
2026-05-10 15:05:24 | INFO | Theta: -60.0 deg
2026-05-10 15:05:24 | INFO | Theta: -65.0 deg
2026-05-10 15:05:24 | INFO | Theta: -70.0 deg
2026-05-10 15:05:24 | INFO | Theta: -75.0 deg
2026-05-10 15:05:26 | INFO | Radii set: a=904.7 b=633.3
2026-05-10 15:05:29 | INFO | Center set: (2846, 1573)
2026-05-10 15:05:30 | INFO | Center set: (2817, 1971)
2026-05-10 15:05:31 | INFO | Center set: (2910, 1637)
2026-05-10 15:05:32 | INFO | Center set: (2800, 1723)
2026-05-10 15:05:33 | INFO | Theta: -80.0 deg
2026-05-10 15:05:33 | INFO | Theta: -85.0 deg
2026-05-10 15:05:34 | INFO | Theta: -90.0 deg
2026-05-10 15:05:34 | INFO | Theta: -85.0 deg
2026-05-10 15:05:34 | INFO | Theta: -80.0 deg
2026-05-10 15:05:34 | INFO | Theta: -75.0 deg
2026-05-10 15:05:34 | INFO | Theta: -70.0 deg
2026-05-10 15:05:38 | INFO | SAVE pressed
2026-05-10 15:05:38 | INFO | Inserted annotation fc4f8aea-0873-4aa1-b7bd-16e0b143275e for image_id=d8968f83-5fae-4345-8ec2-f1554a99ad05 tree_id=tree_002
2026-05-10 15:05:39 | INFO | Observation rebuilt: obs_id=edd98306-480d-4015-8a4e-69b2e76016bd for annotation_id=fc4f8aea-0873-4aa1-b7bd-16e0b143275e (obs_height=25.0)
2026-05-10 15:05:39 | INFO | Auto rebuild observation done. New obs_id=edd98306-480d-4015-8a4e-69b2e76016bd
2026-05-10 15:05:42 | INFO | Opened image 16/33: D:\Users\Ekateryna\Desktop\Mag_projects\data\raw_images\Береза 3 30м.JPG
2026-05-10 15:05:44 | INFO | Center set: (2765, 1827)
2026-05-10 15:05:45 | INFO | Radii set: a=512.4 b=358.7
2026-05-10 15:05:46 | INFO | Theta: 5.0 deg
2026-05-10 15:05:46 | INFO | Theta: 10.0 deg
2026-05-10 15:05:46 | INFO | Theta: 15.0 deg
2026-05-10 15:05:46 | INFO | Theta: 20.0 deg
2026-05-10 15:05:46 | INFO | Theta: 25.0 deg
2026-05-10 15:05:46 | INFO | Theta: 30.0 deg
2026-05-10 15:05:46 | INFO | Theta: 35.0 deg
2026-05-10 15:05:46 | INFO | Theta: 40.0 deg
2026-05-10 15:05:46 | INFO | Theta: 45.0 deg
2026-05-10 15:05:46 | INFO | Theta: 50.0 deg
2026-05-10 15:05:46 | INFO | Theta: 55.0 deg
2026-05-10 15:05:46 | INFO | Theta: 60.0 deg
2026-05-10 15:05:46 | INFO | Theta: 65.0 deg
2026-05-10 15:05:47 | INFO | Theta: 70.0 deg
2026-05-10 15:05:47 | INFO | Theta: 75.0 deg
2026-05-10 15:05:47 | INFO | Theta: 80.0 deg
2026-05-10 15:05:47 | INFO | Theta: 85.0 deg
2026-05-10 15:05:47 | INFO | Theta: 90.0 deg
2026-05-10 15:05:47 | INFO | Theta: 95.0 deg
2026-05-10 15:05:47 | INFO | Theta: 100.0 deg
2026-05-10 15:05:47 | INFO | Theta: 105.0 deg
2026-05-10 15:05:48 | INFO | Theta: 110.0 deg
2026-05-10 15:05:50 | INFO | SAVE pressed
2026-05-10 15:05:50 | INFO | Inserted annotation 3ea7d37a-3958-439e-b319-78d8baf5a8ef for image_id=b56e411e-3326-46c0-a325-a41faba3fe4f tree_id=tree_002
2026-05-10 15:05:50 | INFO | Observation rebuilt: obs_id=066083b9-3f6d-4815-8eeb-a255f18c6eaa for annotation_id=3ea7d37a-3958-439e-b319-78d8baf5a8ef (obs_height=30.0)
2026-05-10 15:05:50 | INFO | Auto rebuild observation done. New obs_id=066083b9-3f6d-4815-8eeb-a255f18c6eaa
2026-05-10 15:05:51 | INFO | Opened image 17/33: D:\Users\Ekateryna\Desktop\Mag_projects\data\raw_images\Береза 3 40м.JPG
2026-05-10 15:05:54 | INFO | Center set: (2748, 1758)
2026-05-10 15:05:56 | INFO | Radii set: a=270.4 b=189.3
2026-05-10 15:05:56 | INFO | Theta: 5.0 deg
2026-05-10 15:05:56 | INFO | Theta: 10.0 deg
2026-05-10 15:05:57 | INFO | Theta: 15.0 deg
2026-05-10 15:05:57 | INFO | Theta: 20.0 deg
2026-05-10 15:05:57 | INFO | Theta: 25.0 deg
2026-05-10 15:05:57 | INFO | Theta: 30.0 deg
2026-05-10 15:05:57 | INFO | Theta: 35.0 deg
2026-05-10 15:05:57 | INFO | Theta: 40.0 deg
2026-05-10 15:05:57 | INFO | Theta: 45.0 deg
2026-05-10 15:05:57 | INFO | Theta: 50.0 deg
2026-05-10 15:05:57 | INFO | Theta: 55.0 deg
2026-05-10 15:05:57 | INFO | Theta: 60.0 deg
2026-05-10 15:05:57 | INFO | Theta: 65.0 deg
2026-05-10 15:05:57 | INFO | Theta: 70.0 deg
2026-05-10 15:05:58 | INFO | Theta: 75.0 deg
2026-05-10 15:05:58 | INFO | Theta: 80.0 deg
2026-05-10 15:05:58 | INFO | Theta: 85.0 deg
2026-05-10 15:05:58 | INFO | Theta: 90.0 deg
2026-05-10 15:05:58 | INFO | Theta: 95.0 deg
2026-05-10 15:05:59 | INFO | Theta: 100.0 deg
2026-05-10 15:05:59 | INFO | Theta: 105.0 deg
2026-05-10 15:05:59 | INFO | Theta: 110.0 deg
2026-05-10 15:06:00 | INFO | Center set: (2777, 1810)
2026-05-10 15:06:01 | INFO | Radii set: a=335.4 b=234.8
2026-05-10 15:06:03 | INFO | SAVE pressed
2026-05-10 15:06:03 | INFO | Inserted annotation b887ef2b-d8e5-4899-99a0-5ce9ab8f59ea for image_id=e4c30699-10b2-4b2a-a2cf-ecc02c4b295f tree_id=tree_002
2026-05-10 15:06:03 | INFO | Observation rebuilt: obs_id=a75d6281-146b-4307-96ff-b3d9dc256050 for annotation_id=b887ef2b-d8e5-4899-99a0-5ce9ab8f59ea (obs_height=40.0)
2026-05-10 15:06:03 | INFO | Auto rebuild observation done. New obs_id=a75d6281-146b-4307-96ff-b3d9dc256050
2026-05-10 15:06:05 | INFO | Opened image 18/33: D:\Users\Ekateryna\Desktop\Mag_projects\data\raw_images\Береза 3 50м.JPG
2026-05-10 15:06:08 | INFO | Center set: (2759, 1798)
2026-05-10 15:06:09 | INFO | Radii set: a=197.0 b=137.9
2026-05-10 15:06:09 | INFO | Theta: 5.0 deg
2026-05-10 15:06:09 | INFO | Theta: 10.0 deg
2026-05-10 15:06:09 | INFO | Theta: 15.0 deg
2026-05-10 15:06:09 | INFO | Theta: 20.0 deg
2026-05-10 15:06:09 | INFO | Theta: 25.0 deg
2026-05-10 15:06:09 | INFO | Theta: 30.0 deg
2026-05-10 15:06:10 | INFO | Theta: 35.0 deg
2026-05-10 15:06:10 | INFO | Theta: 40.0 deg
2026-05-10 15:06:10 | INFO | Theta: 45.0 deg
2026-05-10 15:06:10 | INFO | Theta: 50.0 deg
2026-05-10 15:06:10 | INFO | Theta: 55.0 deg
2026-05-10 15:06:10 | INFO | Theta: 60.0 deg
2026-05-10 15:06:10 | INFO | Theta: 65.0 deg
2026-05-10 15:06:10 | INFO | Theta: 70.0 deg
2026-05-10 15:06:10 | INFO | Theta: 75.0 deg
2026-05-10 15:06:10 | INFO | Theta: 80.0 deg
2026-05-10 15:06:10 | INFO | Theta: 85.0 deg
2026-05-10 15:06:10 | INFO | Theta: 90.0 deg
2026-05-10 15:06:11 | INFO | Theta: 95.0 deg
2026-05-10 15:06:11 | INFO | Theta: 100.0 deg
2026-05-10 15:06:11 | INFO | Theta: 105.0 deg
2026-05-10 15:06:12 | INFO | SAVE pressed
2026-05-10 15:06:12 | INFO | Inserted annotation ce9f047e-a9b6-4b1c-9989-636aecb77a3c for image_id=a3fbb2c4-3f24-432c-89bc-af2ba528705d tree_id=tree_002
2026-05-10 15:06:12 | INFO | Observation rebuilt: obs_id=6750c527-c93d-4560-8934-439a9ed0e3ab for annotation_id=ce9f047e-a9b6-4b1c-9989-636aecb77a3c (obs_height=50.0)
2026-05-10 15:06:12 | INFO | Auto rebuild observation done. New obs_id=6750c527-c93d-4560-8934-439a9ed0e3ab
2026-05-10 15:06:14 | INFO | Opened image 19/33: D:\Users\Ekateryna\Desktop\Mag_projects\data\raw_images\Береза 3 80м.JPG
2026-05-10 15:06:16 | INFO | Center set: (2771, 1810)
2026-05-10 15:06:17 | INFO | Radii set: a=134.1 b=93.9
2026-05-10 15:06:18 | INFO | Theta: 5.0 deg
2026-05-10 15:06:18 | INFO | Theta: 10.0 deg
2026-05-10 15:06:18 | INFO | Theta: 15.0 deg
2026-05-10 15:06:18 | INFO | Theta: 20.0 deg
2026-05-10 15:06:18 | INFO | Theta: 25.0 deg
2026-05-10 15:06:18 | INFO | Theta: 30.0 deg
2026-05-10 15:06:18 | INFO | Theta: 35.0 deg
2026-05-10 15:06:18 | INFO | Theta: 40.0 deg
2026-05-10 15:06:18 | INFO | Theta: 45.0 deg
2026-05-10 15:06:18 | INFO | Theta: 50.0 deg
2026-05-10 15:06:18 | INFO | Theta: 55.0 deg
2026-05-10 15:06:18 | INFO | Theta: 60.0 deg
2026-05-10 15:06:18 | INFO | Theta: 65.0 deg
2026-05-10 15:06:19 | INFO | Theta: 70.0 deg
2026-05-10 15:06:19 | INFO | Theta: 75.0 deg
2026-05-10 15:06:19 | INFO | Theta: 80.0 deg
2026-05-10 15:06:20 | INFO | SAVE pressed
2026-05-10 15:06:20 | INFO | Inserted annotation 65c60a8e-5345-4497-9141-4ba0e59fb021 for image_id=a2492afa-7a0f-4793-83db-ef6594f3342f tree_id=tree_002
2026-05-10 15:06:20 | INFO | Observation rebuilt: obs_id=20d329c1-6c31-422f-acbe-7da149cbb84d for annotation_id=65c60a8e-5345-4497-9141-4ba0e59fb021 (obs_height=80.0)
2026-05-10 15:06:20 | INFO | Auto rebuild observation done. New obs_id=20d329c1-6c31-422f-acbe-7da149cbb84d
2026-05-10 15:06:22 | INFO | Opened image 20/33: D:\Users\Ekateryna\Desktop\Mag_projects\data\raw_images\Сосна 12 - 0,6м.JPG
2026-05-10 15:06:25 | INFO | Opened image 21/33: D:\Users\Ekateryna\Desktop\Mag_projects\data\raw_images\Сосна 12 - 100м.JPG
2026-05-10 15:06:26 | INFO | Opened image 22/33: D:\Users\Ekateryna\Desktop\Mag_projects\data\raw_images\Сосна 12 - 10м.JPG
2026-05-10 15:06:27 | INFO | Opened image 23/33: D:\Users\Ekateryna\Desktop\Mag_projects\data\raw_images\Сосна 12 - 150м.JPG
2026-05-10 15:06:27 | INFO | Opened image 24/33: D:\Users\Ekateryna\Desktop\Mag_projects\data\raw_images\Сосна 12 - 15м.JPG
2026-05-10 15:06:28 | INFO | Opened image 25/33: D:\Users\Ekateryna\Desktop\Mag_projects\data\raw_images\Сосна 12 - 20м.JPG
2026-05-10 15:06:29 | INFO | Opened image 26/33: D:\Users\Ekateryna\Desktop\Mag_projects\data\raw_images\Сосна 12 - 25м.JPG
2026-05-10 15:06:29 | INFO | Opened image 27/33: D:\Users\Ekateryna\Desktop\Mag_projects\data\raw_images\Сосна 12 - 3,5м.JPG
2026-05-10 15:06:30 | INFO | Opened image 28/33: D:\Users\Ekateryna\Desktop\Mag_projects\data\raw_images\Сосна 12 - 30м.JPG
2026-05-10 15:06:31 | INFO | Opened image 29/33: D:\Users\Ekateryna\Desktop\Mag_projects\data\raw_images\Сосна 12 - 35м.JPG
2026-05-10 15:06:32 | INFO | Opened image 30/33: D:\Users\Ekateryna\Desktop\Mag_projects\data\raw_images\Сосна 12 - 40м.JPG
2026-05-10 15:06:32 | INFO | Opened image 31/33: D:\Users\Ekateryna\Desktop\Mag_projects\data\raw_images\Сосна 12 - 45м.JPG
2026-05-10 15:06:33 | INFO | Opened image 32/33: D:\Users\Ekateryna\Desktop\Mag_projects\data\raw_images\Сосна 12 - 50м.JPG
2026-05-10 15:06:34 | INFO | Opened image 33/33: D:\Users\Ekateryna\Desktop\Mag_projects\data\raw_images\Сосна 12 - 80м.JPG
2026-05-10 15:06:34 | INFO | Opened image 33/33: D:\Users\Ekateryna\Desktop\Mag_projects\data\raw_images\Сосна 12 - 80м.JPG
2026-05-10 15:06:36 | INFO | Opened image 33/33: D:\Users\Ekateryna\Desktop\Mag_projects\data\raw_images\Сосна 12 - 80м.JPG
2026-05-10 15:06:39 | INFO | Opened image 33/33: D:\Users\Ekateryna\Desktop\Mag_projects\data\raw_images\Сосна 12 - 80м.JPG
2026-05-10 15:06:39 | INFO | Opened image 33/33: D:\Users\Ekateryna\Desktop\Mag_projects\data\raw_images\Сосна 12 - 80м.JPG
2026-05-10 15:06:40 | INFO | Opened image 33/33: D:\Users\Ekateryna\Desktop\Mag_projects\data\raw_images\Сосна 12 - 80м.JPG
2026-05-10 15:06:40 | INFO | Opened image 33/33: D:\Users\Ekateryna\Desktop\Mag_projects\data\raw_images\Сосна 12 - 80м.JPG
2026-05-10 15:06:40 | INFO | Opened image 33/33: D:\Users\Ekateryna\Desktop\Mag_projects\data\raw_images\Сосна 12 - 80м.JPG
2026-05-10 15:06:40 | INFO | Opened image 33/33: D:\Users\Ekateryna\Desktop\Mag_projects\data\raw_images\Сосна 12 - 80м.JPG
2026-05-10 15:06:41 | INFO | Opened image 33/33: D:\Users\Ekateryna\Desktop\Mag_projects\data\raw_images\Сосна 12 - 80м.JPG
2026-05-10 15:06:41 | INFO | Opened image 33/33: D:\Users\Ekateryna\Desktop\Mag_projects\data\raw_images\Сосна 12 - 80м.JPG
2026-05-10 15:06:41 | INFO | Opened image 33/33: D:\Users\Ekateryna\Desktop\Mag_projects\data\raw_images\Сосна 12 - 80м.JPG
2026-05-10 15:06:41 | INFO | Opened image 33/33: D:\Users\Ekateryna\Desktop\Mag_projects\data\raw_images\Сосна 12 - 80м.JPG
2026-05-10 15:06:42 | INFO | Opened image 33/33: D:\Users\Ekateryna\Desktop\Mag_projects\data\raw_images\Сосна 12 - 80м.JPG
2026-05-10 15:06:42 | INFO | Opened image 33/33: D:\Users\Ekateryna\Desktop\Mag_projects\data\raw_images\Сосна 12 - 80м.JPG
2026-05-10 15:06:42 | INFO | Opened image 33/33: D:\Users\Ekateryna\Desktop\Mag_projects\data\raw_images\Сосна 12 - 80м.JPG
2026-05-10 15:06:42 | INFO | Opened image 33/33: D:\Users\Ekateryna\Desktop\Mag_projects\data\raw_images\Сосна 12 - 80м.JPG
2026-05-10 15:06:43 | INFO | Opened image 33/33: D:\Users\Ekateryna\Desktop\Mag_projects\data\raw_images\Сосна 12 - 80м.JPG
2026-05-10 15:06:44 | INFO | Theta: -5.0 deg
2026-05-10 15:06:45 | INFO | Opened image 33/33: D:\Users\Ekateryna\Desktop\Mag_projects\data\raw_images\Сосна 12 - 80м.JPG
2026-05-10 15:06:45 | INFO | Opened image 33/33: D:\Users\Ekateryna\Desktop\Mag_projects\data\raw_images\Сосна 12 - 80м.JPG
2026-05-10 15:06:45 | INFO | Opened image 33/33: D:\Users\Ekateryna\Desktop\Mag_projects\data\raw_images\Сосна 12 - 80м.JPG
2026-05-10 15:06:45 | INFO | Opened image 33/33: D:\Users\Ekateryna\Desktop\Mag_projects\data\raw_images\Сосна 12 - 80м.JPG
2026-05-10 15:06:46 | INFO | Opened image 33/33: D:\Users\Ekateryna\Desktop\Mag_projects\data\raw_images\Сосна 12 - 80м.JPG
2026-05-10 15:06:46 | INFO | Opened image 33/33: D:\Users\Ekateryna\Desktop\Mag_projects\data\raw_images\Сосна 12 - 80м.JPG
2026-05-10 15:06:46 | INFO | Opened image 33/33: D:\Users\Ekateryna\Desktop\Mag_projects\data\raw_images\Сосна 12 - 80м.JPG
2026-05-10 15:06:46 | INFO | Opened image 33/33: D:\Users\Ekateryna\Desktop\Mag_projects\data\raw_images\Сосна 12 - 80м.JPG
2026-05-10 15:06:47 | INFO | Opened image 33/33: D:\Users\Ekateryna\Desktop\Mag_projects\data\raw_images\Сосна 12 - 80м.JPG
2026-05-10 15:06:47 | INFO | Opened image 33/33: D:\Users\Ekateryna\Desktop\Mag_projects\data\raw_images\Сосна 12 - 80м.JPG
2026-05-10 15:06:47 | INFO | Opened image 33/33: D:\Users\Ekateryna\Desktop\Mag_projects\data\raw_images\Сосна 12 - 80м.JPG
2026-05-10 15:06:47 | INFO | Opened image 33/33: D:\Users\Ekateryna\Desktop\Mag_projects\data\raw_images\Сосна 12 - 80м.JPG
2026-05-10 15:06:48 | INFO | Opened image 33/33: D:\Users\Ekateryna\Desktop\Mag_projects\data\raw_images\Сосна 12 - 80м.JPG
2026-05-10 15:06:48 | INFO | Opened image 33/33: D:\Users\Ekateryna\Desktop\Mag_projects\data\raw_images\Сосна 12 - 80м.JPG
2026-05-10 15:06:49 | INFO | Opened image 33/33: D:\Users\Ekateryna\Desktop\Mag_projects\data\raw_images\Сосна 12 - 80м.JPG
2026-05-10 15:06:49 | INFO | Opened image 33/33: D:\Users\Ekateryna\Desktop\Mag_projects\data\raw_images\Сосна 12 - 80м.JPG
2026-05-10 15:06:49 | INFO | Opened image 33/33: D:\Users\Ekateryna\Desktop\Mag_projects\data\raw_images\Сосна 12 - 80м.JPG
2026-05-10 15:06:50 | INFO | Opened image 33/33: D:\Users\Ekateryna\Desktop\Mag_projects\data\raw_images\Сосна 12 - 80м.JPG
2026-05-10 15:06:50 | INFO | Opened image 33/33: D:\Users\Ekateryna\Desktop\Mag_projects\data\raw_images\Сосна 12 - 80м.JPG
2026-05-10 15:07:46 | INFO | Starting project: crown_db v0.0.1
2026-05-10 15:07:46 | INFO | Database ready: data\db\crowns.sqlite3
2026-05-10 15:07:46 | INFO | Opened image 1/33: D:\Users\Ekateryna\Desktop\Mag_projects\data\raw_images\береза 16м.JPG
2026-05-10 15:08:00 | INFO | Opened image 2/33: D:\Users\Ekateryna\Desktop\Mag_projects\data\raw_images\Береза 8м.JPG
2026-05-10 15:08:01 | INFO | Opened image 3/33: D:\Users\Ekateryna\Desktop\Mag_projects\data\raw_images\береза 25м.JPG
2026-05-10 15:08:01 | INFO | Opened image 4/33: D:\Users\Ekateryna\Desktop\Mag_projects\data\raw_images\ Береза 100м.JPG
2026-05-10 15:08:02 | INFO | Opened image 5/33: D:\Users\Ekateryna\Desktop\Mag_projects\data\raw_images\ Береза 150м.JPG
2026-05-10 15:08:02 | INFO | Opened image 6/33: D:\Users\Ekateryna\Desktop\Mag_projects\data\raw_images\береза  45м.JPG
2026-05-10 15:08:03 | INFO | Opened image 7/33: D:\Users\Ekateryna\Desktop\Mag_projects\data\raw_images\береза 30м.JPG
2026-05-10 15:08:04 | INFO | Opened image 8/33: D:\Users\Ekateryna\Desktop\Mag_projects\data\raw_images\береза 35м.JPG
2026-05-10 15:08:04 | INFO | Opened image 9/33: D:\Users\Ekateryna\Desktop\Mag_projects\data\raw_images\береза 40м.JPG
2026-05-10 15:08:05 | INFO | Opened image 10/33: D:\Users\Ekateryna\Desktop\Mag_projects\data\raw_images\Береза 50м.JPG
2026-05-10 15:08:05 | INFO | Opened image 11/33: D:\Users\Ekateryna\Desktop\Mag_projects\data\raw_images\береза 70м.JPG
2026-05-10 15:08:06 | INFO | Opened image 12/33: D:\Users\Ekateryna\Desktop\Mag_projects\data\raw_images\Береза 3  100м.JPG
2026-05-10 15:08:12 | INFO | Center set: (2773, 1806)
2026-05-10 15:08:12 | INFO | Radii set: a=80.6 b=56.4
2026-05-10 15:08:13 | INFO | Theta: 5.0 deg
2026-05-10 15:08:13 | INFO | Theta: 10.0 deg
2026-05-10 15:08:13 | INFO | Theta: 15.0 deg
2026-05-10 15:08:13 | INFO | Theta: 20.0 deg
2026-05-10 15:08:13 | INFO | Theta: 25.0 deg
2026-05-10 15:08:13 | INFO | Theta: 30.0 deg
2026-05-10 15:08:14 | INFO | Theta: 35.0 deg
2026-05-10 15:08:14 | INFO | Theta: 40.0 deg
2026-05-10 15:08:14 | INFO | Theta: 45.0 deg
2026-05-10 15:08:14 | INFO | Theta: 50.0 deg
2026-05-10 15:08:14 | INFO | Theta: 55.0 deg
2026-05-10 15:08:14 | INFO | Theta: 60.0 deg
2026-05-10 15:08:14 | INFO | Theta: 65.0 deg
2026-05-10 15:08:14 | INFO | Theta: 70.0 deg
2026-05-10 15:08:14 | INFO | Theta: 75.0 deg
2026-05-10 15:08:14 | INFO | Theta: 80.0 deg
2026-05-10 15:08:14 | INFO | Theta: 85.0 deg
2026-05-10 15:08:15 | INFO | Theta: 90.0 deg
2026-05-10 15:08:15 | INFO | SAVE pressed
2026-05-10 15:08:15 | INFO | Inserted annotation f104ec18-ad57-4852-bfc9-b57d8287a318 for image_id=0fd08fd1-52c5-484d-a9e3-049ec6a8a054 tree_id=tree_002
2026-05-10 15:08:16 | INFO | Observation rebuilt: obs_id=3bee8af0-eb2a-47ca-8497-319d49a02c0c for annotation_id=f104ec18-ad57-4852-bfc9-b57d8287a318 (obs_height=100.0)
2026-05-10 15:08:16 | INFO | Auto rebuild observation done. New obs_id=3bee8af0-eb2a-47ca-8497-319d49a02c0c
2026-05-10 15:08:17 | INFO | Opened image 13/33: D:\Users\Ekateryna\Desktop\Mag_projects\data\raw_images\Береза 3  150м.JPG
2026-05-10 15:08:19 | INFO | Center set: (2768, 1764)
2026-05-10 15:08:20 | INFO | Radii set: a=74.2 b=52.0
2026-05-10 15:08:20 | INFO | Theta: 5.0 deg
2026-05-10 15:08:20 | INFO | Theta: 10.0 deg
2026-05-10 15:08:20 | INFO | Theta: 15.0 deg
2026-05-10 15:08:20 | INFO | Theta: 20.0 deg
2026-05-10 15:08:20 | INFO | Theta: 25.0 deg
2026-05-10 15:08:21 | INFO | Theta: 30.0 deg
2026-05-10 15:08:21 | INFO | Theta: 35.0 deg
2026-05-10 15:08:21 | INFO | Theta: 40.0 deg
2026-05-10 15:08:21 | INFO | Theta: 45.0 deg
2026-05-10 15:08:21 | INFO | Theta: 50.0 deg
2026-05-10 15:08:21 | INFO | Theta: 55.0 deg
2026-05-10 15:08:21 | INFO | Theta: 60.0 deg
2026-05-10 15:08:21 | INFO | Theta: 65.0 deg
2026-05-10 15:08:22 | INFO | SAVE pressed
2026-05-10 15:08:22 | INFO | Inserted annotation da73f4e9-361a-444a-9a4d-d026a3aff3d3 for image_id=8a3270c4-947b-4411-a822-4a787976db1f tree_id=tree_002
2026-05-10 15:08:22 | INFO | Observation rebuilt: obs_id=d8e80eef-3a26-411d-a3f5-2aa1e24e0930 for annotation_id=da73f4e9-361a-444a-9a4d-d026a3aff3d3 (obs_height=150.0)
2026-05-10 15:08:22 | INFO | Auto rebuild observation done. New obs_id=d8e80eef-3a26-411d-a3f5-2aa1e24e0930
2026-05-10 15:08:23 | INFO | Opened image 14/33: D:\Users\Ekateryna\Desktop\Mag_projects\data\raw_images\Береза 3  24м.JPG
2026-05-10 15:08:25 | INFO | Opened image 15/33: D:\Users\Ekateryna\Desktop\Mag_projects\data\raw_images\Береза 3 25м.JPG
2026-05-10 15:08:41 | INFO | Starting project: crown_db v0.0.1
2026-05-10 15:08:41 | INFO | Database ready: data\db\crowns.sqlite3
2026-05-10 15:08:57 | INFO | Starting project: crown_db v0.0.1
2026-05-10 15:08:57 | INFO | Database ready: data\db\crowns.sqlite3
2026-05-10 15:09:28 | INFO | Starting project: crown_db v0.0.1
2026-05-10 15:09:28 | INFO | Database ready: data\db\crowns.sqlite3
2026-05-10 15:09:28 | INFO | Opened image 1/33: D:\Users\Ekateryna\Desktop\Mag_projects\data\raw_images\береза 16м.JPG
2026-05-10 15:09:32 | INFO | Opened image 2/33: D:\Users\Ekateryna\Desktop\Mag_projects\data\raw_images\Береза 8м.JPG
2026-05-10 15:09:32 | INFO | Opened image 3/33: D:\Users\Ekateryna\Desktop\Mag_projects\data\raw_images\береза 25м.JPG
2026-05-10 15:09:33 | INFO | Opened image 4/33: D:\Users\Ekateryna\Desktop\Mag_projects\data\raw_images\ Береза 100м.JPG
2026-05-10 15:09:34 | INFO | Opened image 5/33: D:\Users\Ekateryna\Desktop\Mag_projects\data\raw_images\ Береза 150м.JPG
2026-05-10 15:09:34 | INFO | Opened image 6/33: D:\Users\Ekateryna\Desktop\Mag_projects\data\raw_images\береза  45м.JPG
2026-05-10 15:09:35 | INFO | Opened image 5/33: D:\Users\Ekateryna\Desktop\Mag_projects\data\raw_images\ Береза 150м.JPG
2026-05-10 15:09:37 | INFO | Opened image 6/33: D:\Users\Ekateryna\Desktop\Mag_projects\data\raw_images\береза  45м.JPG
2026-05-10 15:09:38 | INFO | Opened image 5/33: D:\Users\Ekateryna\Desktop\Mag_projects\data\raw_images\ Береза 150м.JPG
2026-05-10 15:09:38 | INFO | Opened image 6/33: D:\Users\Ekateryna\Desktop\Mag_projects\data\raw_images\береза  45м.JPG
2026-05-10 15:09:39 | INFO | Opened image 7/33: D:\Users\Ekateryna\Desktop\Mag_projects\data\raw_images\береза 30м.JPG
2026-05-10 15:09:39 | INFO | Opened image 8/33: D:\Users\Ekateryna\Desktop\Mag_projects\data\raw_images\береза 35м.JPG
2026-05-10 15:09:40 | INFO | Opened image 9/33: D:\Users\Ekateryna\Desktop\Mag_projects\data\raw_images\береза 40м.JPG
2026-05-10 15:09:40 | INFO | Opened image 10/33: D:\Users\Ekateryna\Desktop\Mag_projects\data\raw_images\Береза 50м.JPG
2026-05-10 15:09:41 | INFO | Opened image 11/33: D:\Users\Ekateryna\Desktop\Mag_projects\data\raw_images\береза 70м.JPG
2026-05-10 15:09:41 | INFO | Opened image 12/33: D:\Users\Ekateryna\Desktop\Mag_projects\data\raw_images\Береза 3  100м.JPG
2026-05-10 15:09:42 | INFO | Opened image 13/33: D:\Users\Ekateryna\Desktop\Mag_projects\data\raw_images\Береза 3  150м.JPG
2026-05-10 15:10:33 | INFO | Starting project: crown_db v0.0.1
2026-05-10 15:10:33 | INFO | Database ready: data\db\crowns.sqlite3
2026-05-10 15:10:33 | WARNING | Skipped (maybe duplicate): D:\Users\Ekateryna\Desktop\Mag_projects\data\raw_images\ Береза 100м.JPG | UNIQUE constraint failed: images.path
2026-05-10 15:10:33 | WARNING | Skipped (maybe duplicate): D:\Users\Ekateryna\Desktop\Mag_projects\data\raw_images\ Береза 150м.JPG | UNIQUE constraint failed: images.path
2026-05-10 15:10:33 | WARNING | Skipped (maybe duplicate): D:\Users\Ekateryna\Desktop\Mag_projects\data\raw_images\береза  45м.JPG | UNIQUE constraint failed: images.path
2026-05-10 15:10:33 | WARNING | Skipped (maybe duplicate): D:\Users\Ekateryna\Desktop\Mag_projects\data\raw_images\береза 16м.JPG | UNIQUE constraint failed: images.path
2026-05-10 15:10:33 | WARNING | Skipped (maybe duplicate): D:\Users\Ekateryna\Desktop\Mag_projects\data\raw_images\береза 25м.JPG | UNIQUE constraint failed: images.path
2026-05-10 15:10:33 | WARNING | Skipped (maybe duplicate): D:\Users\Ekateryna\Desktop\Mag_projects\data\raw_images\Береза 3  100м.JPG | UNIQUE constraint failed: images.path
2026-05-10 15:10:33 | WARNING | Skipped (maybe duplicate): D:\Users\Ekateryna\Desktop\Mag_projects\data\raw_images\Береза 3  150м.JPG | UNIQUE constraint failed: images.path
2026-05-10 15:10:33 | WARNING | Skipped (maybe duplicate): D:\Users\Ekateryna\Desktop\Mag_projects\data\raw_images\Береза 3 25м.JPG | UNIQUE constraint failed: images.path
2026-05-10 15:10:33 | WARNING | Skipped (maybe duplicate): D:\Users\Ekateryna\Desktop\Mag_projects\data\raw_images\Береза 3 30м.JPG | UNIQUE constraint failed: images.path
2026-05-10 15:10:33 | WARNING | Skipped (maybe duplicate): D:\Users\Ekateryna\Desktop\Mag_projects\data\raw_images\Береза 3 40м.JPG | UNIQUE constraint failed: images.path
2026-05-10 15:10:33 | WARNING | Skipped (maybe duplicate): D:\Users\Ekateryna\Desktop\Mag_projects\data\raw_images\Береза 3 50м.JPG | UNIQUE constraint failed: images.path
2026-05-10 15:10:33 | WARNING | Skipped (maybe duplicate): D:\Users\Ekateryna\Desktop\Mag_projects\data\raw_images\Береза 3 80м.JPG | UNIQUE constraint failed: images.path
2026-05-10 15:10:33 | WARNING | Skipped (maybe duplicate): D:\Users\Ekateryna\Desktop\Mag_projects\data\raw_images\береза 30м.JPG | UNIQUE constraint failed: images.path
2026-05-10 15:10:33 | WARNING | Skipped (maybe duplicate): D:\Users\Ekateryna\Desktop\Mag_projects\data\raw_images\береза 35м.JPG | UNIQUE constraint failed: images.path
2026-05-10 15:10:33 | WARNING | Skipped (maybe duplicate): D:\Users\Ekateryna\Desktop\Mag_projects\data\raw_images\береза 40м.JPG | UNIQUE constraint failed: images.path
2026-05-10 15:10:33 | WARNING | Skipped (maybe duplicate): D:\Users\Ekateryna\Desktop\Mag_projects\data\raw_images\Береза 50м.JPG | UNIQUE constraint failed: images.path
2026-05-10 15:10:33 | WARNING | Skipped (maybe duplicate): D:\Users\Ekateryna\Desktop\Mag_projects\data\raw_images\береза 70м.JPG | UNIQUE constraint failed: images.path
2026-05-10 15:10:33 | WARNING | Skipped (maybe duplicate): D:\Users\Ekateryna\Desktop\Mag_projects\data\raw_images\Береза 8м.JPG | UNIQUE constraint failed: images.path
2026-05-10 15:10:33 | WARNING | Skipped (maybe duplicate): D:\Users\Ekateryna\Desktop\Mag_projects\data\raw_images\Сосна 12 - 0,6м.JPG | UNIQUE constraint failed: images.path
2026-05-10 15:10:33 | WARNING | Skipped (maybe duplicate): D:\Users\Ekateryna\Desktop\Mag_projects\data\raw_images\Сосна 12 - 100м.JPG | UNIQUE constraint failed: images.path
2026-05-10 15:10:33 | WARNING | Skipped (maybe duplicate): D:\Users\Ekateryna\Desktop\Mag_projects\data\raw_images\Сосна 12 - 10м.JPG | UNIQUE constraint failed: images.path
2026-05-10 15:10:33 | WARNING | Skipped (maybe duplicate): D:\Users\Ekateryna\Desktop\Mag_projects\data\raw_images\Сосна 12 - 150м.JPG | UNIQUE constraint failed: images.path
2026-05-10 15:10:33 | WARNING | Skipped (maybe duplicate): D:\Users\Ekateryna\Desktop\Mag_projects\data\raw_images\Сосна 12 - 15м.JPG | UNIQUE constraint failed: images.path
2026-05-10 15:10:33 | WARNING | Skipped (maybe duplicate): D:\Users\Ekateryna\Desktop\Mag_projects\data\raw_images\Сосна 12 - 20м.JPG | UNIQUE constraint failed: images.path
2026-05-10 15:10:33 | WARNING | Skipped (maybe duplicate): D:\Users\Ekateryna\Desktop\Mag_projects\data\raw_images\Сосна 12 - 25м.JPG | UNIQUE constraint failed: images.path
2026-05-10 15:10:33 | WARNING | Skipped (maybe duplicate): D:\Users\Ekateryna\Desktop\Mag_projects\data\raw_images\Сосна 12 - 3,5м.JPG | UNIQUE constraint failed: images.path
2026-05-10 15:10:33 | WARNING | Skipped (maybe duplicate): D:\Users\Ekateryna\Desktop\Mag_projects\data\raw_images\Сосна 12 - 30м.JPG | UNIQUE constraint failed: images.path
2026-05-10 15:10:33 | WARNING | Skipped (maybe duplicate): D:\Users\Ekateryna\Desktop\Mag_projects\data\raw_images\Сосна 12 - 35м.JPG | UNIQUE constraint failed: images.path
2026-05-10 15:10:33 | WARNING | Skipped (maybe duplicate): D:\Users\Ekateryna\Desktop\Mag_projects\data\raw_images\Сосна 12 - 40м.JPG | UNIQUE constraint failed: images.path
2026-05-10 15:10:33 | WARNING | Skipped (maybe duplicate): D:\Users\Ekateryna\Desktop\Mag_projects\data\raw_images\Сосна 12 - 45м.JPG | UNIQUE constraint failed: images.path
2026-05-10 15:10:33 | WARNING | Skipped (maybe duplicate): D:\Users\Ekateryna\Desktop\Mag_projects\data\raw_images\Сосна 12 - 50м.JPG | UNIQUE constraint failed: images.path
2026-05-10 15:10:33 | WARNING | Skipped (maybe duplicate): D:\Users\Ekateryna\Desktop\Mag_projects\data\raw_images\Сосна 12 - 80м.JPG | UNIQUE constraint failed: images.path
2026-05-10 15:10:33 | INFO | Import finished. Added 0 images.
2026-05-10 15:10:46 | INFO | Starting project: crown_db v0.0.1
2026-05-10 15:10:46 | INFO | Database ready: data\db\crowns.sqlite3
2026-05-10 15:10:53 | INFO | Starting project: crown_db v0.0.1
2026-05-10 15:10:53 | INFO | Database ready: data\db\crowns.sqlite3
2026-05-10 15:10:53 | INFO | fill_flight_altitude_from_filename: updated=0
2026-05-10 15:11:00 | INFO | Starting project: crown_db v0.0.1
2026-05-10 15:11:00 | INFO | Database ready: data\db\crowns.sqlite3
2026-05-10 15:11:08 | INFO | Starting project: crown_db v0.0.1
2026-05-10 15:11:08 | INFO | Database ready: data\db\crowns.sqlite3
2026-05-10 15:11:26 | INFO | Starting project: crown_db v0.0.1
2026-05-10 15:11:26 | INFO | Database ready: data\db\crowns.sqlite3
2026-05-10 15:11:26 | INFO | Opened image 1/33: D:\Users\Ekateryna\Desktop\Mag_projects\data\raw_images\береза 16м.JPG
2026-05-10 15:11:27 | INFO | Opened image 2/33: D:\Users\Ekateryna\Desktop\Mag_projects\data\raw_images\Береза 8м.JPG
2026-05-10 15:11:28 | INFO | Opened image 3/33: D:\Users\Ekateryna\Desktop\Mag_projects\data\raw_images\береза 25м.JPG
2026-05-10 15:11:29 | INFO | Opened image 4/33: D:\Users\Ekateryna\Desktop\Mag_projects\data\raw_images\ Береза 100м.JPG
2026-05-10 15:11:29 | INFO | Opened image 5/33: D:\Users\Ekateryna\Desktop\Mag_projects\data\raw_images\ Береза 150м.JPG
2026-05-10 15:11:30 | INFO | Opened image 6/33: D:\Users\Ekateryna\Desktop\Mag_projects\data\raw_images\береза  45м.JPG
2026-05-10 15:11:30 | INFO | Opened image 7/33: D:\Users\Ekateryna\Desktop\Mag_projects\data\raw_images\береза 30м.JPG
2026-05-10 15:11:31 | INFO | Opened image 8/33: D:\Users\Ekateryna\Desktop\Mag_projects\data\raw_images\береза 35м.JPG
2026-05-10 15:11:31 | INFO | Opened image 9/33: D:\Users\Ekateryna\Desktop\Mag_projects\data\raw_images\береза 40м.JPG
2026-05-10 15:11:32 | INFO | Opened image 10/33: D:\Users\Ekateryna\Desktop\Mag_projects\data\raw_images\Береза 50м.JPG
2026-05-10 15:11:33 | INFO | Opened image 11/33: D:\Users\Ekateryna\Desktop\Mag_projects\data\raw_images\береза 70м.JPG
2026-05-10 15:11:33 | INFO | Opened image 12/33: D:\Users\Ekateryna\Desktop\Mag_projects\data\raw_images\Береза 3  100м.JPG
2026-05-10 15:11:34 | INFO | Opened image 13/33: D:\Users\Ekateryna\Desktop\Mag_projects\data\raw_images\Береза 3  150м.JPG
2026-05-10 15:12:08 | INFO | Starting project: crown_db v0.0.1
2026-05-10 15:12:08 | INFO | Database ready: data\db\crowns.sqlite3
2026-05-10 15:12:09 | INFO | Opened image 1/33: D:\Users\Ekateryna\Desktop\Mag_projects\data\raw_images\береза 16м.JPG
2026-05-10 15:12:10 | INFO | Opened image 2/33: D:\Users\Ekateryna\Desktop\Mag_projects\data\raw_images\Береза 8м.JPG
2026-05-10 15:12:11 | INFO | Opened image 3/33: D:\Users\Ekateryna\Desktop\Mag_projects\data\raw_images\береза 25м.JPG
2026-05-10 15:12:11 | INFO | Opened image 4/33: D:\Users\Ekateryna\Desktop\Mag_projects\data\raw_images\ Береза 100м.JPG
2026-05-10 15:12:12 | INFO | Opened image 5/33: D:\Users\Ekateryna\Desktop\Mag_projects\data\raw_images\ Береза 150м.JPG
2026-05-10 15:12:12 | INFO | Opened image 6/33: D:\Users\Ekateryna\Desktop\Mag_projects\data\raw_images\береза  45м.JPG
2026-05-10 15:12:12 | INFO | Opened image 7/33: D:\Users\Ekateryna\Desktop\Mag_projects\data\raw_images\береза 30м.JPG
2026-05-10 15:12:13 | INFO | Opened image 8/33: D:\Users\Ekateryna\Desktop\Mag_projects\data\raw_images\береза 35м.JPG
2026-05-10 15:12:13 | INFO | Opened image 9/33: D:\Users\Ekateryna\Desktop\Mag_projects\data\raw_images\береза 40м.JPG
2026-05-10 15:12:14 | INFO | Opened image 10/33: D:\Users\Ekateryna\Desktop\Mag_projects\data\raw_images\Береза 50м.JPG
2026-05-10 15:12:14 | INFO | Opened image 11/33: D:\Users\Ekateryna\Desktop\Mag_projects\data\raw_images\береза 70м.JPG
2026-05-10 15:12:15 | INFO | Opened image 12/33: D:\Users\Ekateryna\Desktop\Mag_projects\data\raw_images\Береза 3  100м.JPG
2026-05-10 15:12:15 | INFO | Opened image 13/33: D:\Users\Ekateryna\Desktop\Mag_projects\data\raw_images\Береза 3  150м.JPG
2026-05-10 15:14:47 | INFO | Starting project: crown_db v0.0.1
2026-05-10 15:14:47 | INFO | Database ready: data\db\crowns.sqlite3
2026-05-10 15:15:07 | INFO | Starting project: crown_db v0.0.1
2026-05-10 15:15:07 | INFO | Database ready: data\db\crowns.sqlite3
2026-05-10 15:15:07 | WARNING | Skipped (maybe duplicate): D:\Users\Ekateryna\Desktop\Mag_projects\data\raw_images\ Береза 100м.JPG | UNIQUE constraint failed: images.path
2026-05-10 15:15:07 | WARNING | Skipped (maybe duplicate): D:\Users\Ekateryna\Desktop\Mag_projects\data\raw_images\ Береза 150м.JPG | UNIQUE constraint failed: images.path
2026-05-10 15:15:07 | WARNING | Skipped (maybe duplicate): D:\Users\Ekateryna\Desktop\Mag_projects\data\raw_images\береза  45м.JPG | UNIQUE constraint failed: images.path
2026-05-10 15:15:07 | WARNING | Skipped (maybe duplicate): D:\Users\Ekateryna\Desktop\Mag_projects\data\raw_images\береза 16м.JPG | UNIQUE constraint failed: images.path
2026-05-10 15:15:07 | WARNING | Skipped (maybe duplicate): D:\Users\Ekateryna\Desktop\Mag_projects\data\raw_images\береза 25м.JPG | UNIQUE constraint failed: images.path
2026-05-10 15:15:07 | WARNING | Skipped (maybe duplicate): D:\Users\Ekateryna\Desktop\Mag_projects\data\raw_images\Береза 3  100м.JPG | UNIQUE constraint failed: images.path
2026-05-10 15:15:07 | WARNING | Skipped (maybe duplicate): D:\Users\Ekateryna\Desktop\Mag_projects\data\raw_images\Береза 3  150м.JPG | UNIQUE constraint failed: images.path
2026-05-10 15:15:07 | WARNING | Skipped (maybe duplicate): D:\Users\Ekateryna\Desktop\Mag_projects\data\raw_images\Береза 3 25м.JPG | UNIQUE constraint failed: images.path
2026-05-10 15:15:07 | WARNING | Skipped (maybe duplicate): D:\Users\Ekateryna\Desktop\Mag_projects\data\raw_images\Береза 3 30м.JPG | UNIQUE constraint failed: images.path
2026-05-10 15:15:07 | WARNING | Skipped (maybe duplicate): D:\Users\Ekateryna\Desktop\Mag_projects\data\raw_images\Береза 3 40м.JPG | UNIQUE constraint failed: images.path
2026-05-10 15:15:07 | WARNING | Skipped (maybe duplicate): D:\Users\Ekateryna\Desktop\Mag_projects\data\raw_images\Береза 3 50м.JPG | UNIQUE constraint failed: images.path
2026-05-10 15:15:07 | WARNING | Skipped (maybe duplicate): D:\Users\Ekateryna\Desktop\Mag_projects\data\raw_images\Береза 3 80м.JPG | UNIQUE constraint failed: images.path
2026-05-10 15:15:07 | WARNING | Skipped (maybe duplicate): D:\Users\Ekateryna\Desktop\Mag_projects\data\raw_images\береза 30м.JPG | UNIQUE constraint failed: images.path
2026-05-10 15:15:07 | WARNING | Skipped (maybe duplicate): D:\Users\Ekateryna\Desktop\Mag_projects\data\raw_images\береза 35м.JPG | UNIQUE constraint failed: images.path
2026-05-10 15:15:07 | WARNING | Skipped (maybe duplicate): D:\Users\Ekateryna\Desktop\Mag_projects\data\raw_images\береза 40м.JPG | UNIQUE constraint failed: images.path
2026-05-10 15:15:07 | WARNING | Skipped (maybe duplicate): D:\Users\Ekateryna\Desktop\Mag_projects\data\raw_images\Береза 50м.JPG | UNIQUE constraint failed: images.path
2026-05-10 15:15:07 | WARNING | Skipped (maybe duplicate): D:\Users\Ekateryna\Desktop\Mag_projects\data\raw_images\береза 70м.JPG | UNIQUE constraint failed: images.path
2026-05-10 15:15:07 | WARNING | Skipped (maybe duplicate): D:\Users\Ekateryna\Desktop\Mag_projects\data\raw_images\Береза 8м.JPG | UNIQUE constraint failed: images.path
2026-05-10 15:15:07 | WARNING | Skipped (maybe duplicate): D:\Users\Ekateryna\Desktop\Mag_projects\data\raw_images\Сосна 12 - 0,6м.JPG | UNIQUE constraint failed: images.path
2026-05-10 15:15:07 | WARNING | Skipped (maybe duplicate): D:\Users\Ekateryna\Desktop\Mag_projects\data\raw_images\Сосна 12 - 100м.JPG | UNIQUE constraint failed: images.path
2026-05-10 15:15:07 | WARNING | Skipped (maybe duplicate): D:\Users\Ekateryna\Desktop\Mag_projects\data\raw_images\Сосна 12 - 10м.JPG | UNIQUE constraint failed: images.path
2026-05-10 15:15:07 | WARNING | Skipped (maybe duplicate): D:\Users\Ekateryna\Desktop\Mag_projects\data\raw_images\Сосна 12 - 150м.JPG | UNIQUE constraint failed: images.path
2026-05-10 15:15:07 | WARNING | Skipped (maybe duplicate): D:\Users\Ekateryna\Desktop\Mag_projects\data\raw_images\Сосна 12 - 15м.JPG | UNIQUE constraint failed: images.path
2026-05-10 15:15:07 | WARNING | Skipped (maybe duplicate): D:\Users\Ekateryna\Desktop\Mag_projects\data\raw_images\Сосна 12 - 20м.JPG | UNIQUE constraint failed: images.path
2026-05-10 15:15:07 | WARNING | Skipped (maybe duplicate): D:\Users\Ekateryna\Desktop\Mag_projects\data\raw_images\Сосна 12 - 25м.JPG | UNIQUE constraint failed: images.path
2026-05-10 15:15:07 | WARNING | Skipped (maybe duplicate): D:\Users\Ekateryna\Desktop\Mag_projects\data\raw_images\Сосна 12 - 3,5м.JPG | UNIQUE constraint failed: images.path
2026-05-10 15:15:07 | WARNING | Skipped (maybe duplicate): D:\Users\Ekateryna\Desktop\Mag_projects\data\raw_images\Сосна 12 - 30м.JPG | UNIQUE constraint failed: images.path
2026-05-10 15:15:07 | WARNING | Skipped (maybe duplicate): D:\Users\Ekateryna\Desktop\Mag_projects\data\raw_images\Сосна 12 - 35м.JPG | UNIQUE constraint failed: images.path
2026-05-10 15:15:07 | WARNING | Skipped (maybe duplicate): D:\Users\Ekateryna\Desktop\Mag_projects\data\raw_images\Сосна 12 - 40м.JPG | UNIQUE constraint failed: images.path
2026-05-10 15:15:07 | WARNING | Skipped (maybe duplicate): D:\Users\Ekateryna\Desktop\Mag_projects\data\raw_images\Сосна 12 - 45м.JPG | UNIQUE constraint failed: images.path
2026-05-10 15:15:07 | WARNING | Skipped (maybe duplicate): D:\Users\Ekateryna\Desktop\Mag_projects\data\raw_images\Сосна 12 - 50м.JPG | UNIQUE constraint failed: images.path
2026-05-10 15:15:07 | WARNING | Skipped (maybe duplicate): D:\Users\Ekateryna\Desktop\Mag_projects\data\raw_images\Сосна 12 - 80м.JPG | UNIQUE constraint failed: images.path
2026-05-10 15:15:07 | INFO | Import finished. Added 0 images.
2026-05-10 15:15:17 | INFO | Starting project: crown_db v0.0.1
2026-05-10 15:15:17 | INFO | Database ready: data\db\crowns.sqlite3
2026-05-10 15:15:17 | INFO | fill_flight_altitude_from_filename: updated=0
2026-05-10 15:15:33 | INFO | Starting project: crown_db v0.0.1
2026-05-10 15:15:33 | INFO | Database ready: data\db\crowns.sqlite3
2026-05-10 15:15:44 | INFO | Starting project: crown_db v0.0.1
2026-05-10 15:15:44 | INFO | Database ready: data\db\crowns.sqlite3
2026-05-10 15:15:44 | INFO | Opened image 1/32: D:\Users\Ekateryna\Desktop\Mag_projects\data\raw_images\береза 16м.JPG
2026-05-10 15:15:45 | INFO | Opened image 2/32: D:\Users\Ekateryna\Desktop\Mag_projects\data\raw_images\Береза 8м.JPG
2026-05-10 15:15:47 | INFO | Opened image 3/32: D:\Users\Ekateryna\Desktop\Mag_projects\data\raw_images\береза 25м.JPG
2026-05-10 15:15:48 | INFO | Opened image 4/32: D:\Users\Ekateryna\Desktop\Mag_projects\data\raw_images\ Береза 100м.JPG
2026-05-10 15:15:49 | INFO | Opened image 5/32: D:\Users\Ekateryna\Desktop\Mag_projects\data\raw_images\ Береза 150м.JPG
2026-05-10 15:15:49 | INFO | Opened image 6/32: D:\Users\Ekateryna\Desktop\Mag_projects\data\raw_images\береза  45м.JPG
2026-05-10 15:15:50 | INFO | Opened image 7/32: D:\Users\Ekateryna\Desktop\Mag_projects\data\raw_images\береза 30м.JPG
2026-05-10 15:15:51 | INFO | Opened image 8/32: D:\Users\Ekateryna\Desktop\Mag_projects\data\raw_images\береза 35м.JPG
2026-05-10 15:15:51 | INFO | Opened image 9/32: D:\Users\Ekateryna\Desktop\Mag_projects\data\raw_images\береза 40м.JPG
2026-05-10 15:15:52 | INFO | Opened image 10/32: D:\Users\Ekateryna\Desktop\Mag_projects\data\raw_images\Береза 50м.JPG
2026-05-10 15:15:52 | INFO | Opened image 11/32: D:\Users\Ekateryna\Desktop\Mag_projects\data\raw_images\береза 70м.JPG
2026-05-10 15:15:53 | INFO | Opened image 12/32: D:\Users\Ekateryna\Desktop\Mag_projects\data\raw_images\Береза 3  100м.JPG
2026-05-10 15:15:54 | INFO | Opened image 13/32: D:\Users\Ekateryna\Desktop\Mag_projects\data\raw_images\Береза 3  150м.JPG
2026-05-10 15:15:54 | INFO | Opened image 14/32: D:\Users\Ekateryna\Desktop\Mag_projects\data\raw_images\Береза 3 25м.JPG
2026-05-10 15:15:55 | INFO | Opened image 15/32: D:\Users\Ekateryna\Desktop\Mag_projects\data\raw_images\Береза 3 30м.JPG
2026-05-10 15:15:56 | INFO | Opened image 16/32: D:\Users\Ekateryna\Desktop\Mag_projects\data\raw_images\Береза 3 40м.JPG
2026-05-10 15:15:57 | INFO | Opened image 17/32: D:\Users\Ekateryna\Desktop\Mag_projects\data\raw_images\Береза 3 50м.JPG
2026-05-10 15:15:57 | INFO | Opened image 18/32: D:\Users\Ekateryna\Desktop\Mag_projects\data\raw_images\Береза 3 80м.JPG
2026-05-10 15:15:58 | INFO | Opened image 19/32: D:\Users\Ekateryna\Desktop\Mag_projects\data\raw_images\Сосна 12 - 0,6м.JPG
2026-05-10 15:16:14 | INFO | Opened image 20/32: D:\Users\Ekateryna\Desktop\Mag_projects\data\raw_images\Сосна 12 - 100м.JPG
2026-05-10 15:16:19 | INFO | Opened image 21/32: D:\Users\Ekateryna\Desktop\Mag_projects\data\raw_images\Сосна 12 - 10м.JPG
2026-05-10 15:16:21 | INFO | Opened image 20/32: D:\Users\Ekateryna\Desktop\Mag_projects\data\raw_images\Сосна 12 - 100м.JPG
2026-05-10 15:16:23 | INFO | Opened image 21/32: D:\Users\Ekateryna\Desktop\Mag_projects\data\raw_images\Сосна 12 - 10м.JPG
2026-05-10 15:16:26 | INFO | Opened image 22/32: D:\Users\Ekateryna\Desktop\Mag_projects\data\raw_images\Сосна 12 - 150м.JPG
2026-05-10 15:16:27 | INFO | Opened image 23/32: D:\Users\Ekateryna\Desktop\Mag_projects\data\raw_images\Сосна 12 - 15м.JPG
2026-05-10 15:16:28 | INFO | Opened image 24/32: D:\Users\Ekateryna\Desktop\Mag_projects\data\raw_images\Сосна 12 - 20м.JPG
2026-05-10 15:16:29 | INFO | Opened image 25/32: D:\Users\Ekateryna\Desktop\Mag_projects\data\raw_images\Сосна 12 - 25м.JPG
2026-05-10 15:16:30 | INFO | Opened image 26/32: D:\Users\Ekateryna\Desktop\Mag_projects\data\raw_images\Сосна 12 - 3,5м.JPG
2026-05-10 15:16:33 | INFO | Center set: (2736, 1661)
2026-05-10 15:16:34 | INFO | Radii set: a=943.7 b=660.6
2026-05-10 15:16:35 | INFO | Theta: 5.0 deg
2026-05-10 15:16:35 | INFO | Theta: 10.0 deg
2026-05-10 15:16:35 | INFO | Theta: 15.0 deg
2026-05-10 15:16:35 | INFO | Theta: 20.0 deg
2026-05-10 15:16:35 | INFO | Theta: 25.0 deg
2026-05-10 15:16:35 | INFO | Theta: 30.0 deg
2026-05-10 15:16:35 | INFO | Theta: 35.0 deg
2026-05-10 15:16:35 | INFO | Theta: 40.0 deg
2026-05-10 15:16:35 | INFO | Theta: 45.0 deg
2026-05-10 15:16:35 | INFO | Theta: 50.0 deg
2026-05-10 15:16:35 | INFO | Theta: 55.0 deg
2026-05-10 15:16:36 | INFO | Radii set: a=930.8 b=651.6
2026-05-10 15:16:37 | INFO | Radii set: a=1157.8 b=810.4
2026-05-10 15:16:39 | INFO | SAVE pressed
2026-05-10 15:16:39 | INFO | Inserted annotation 63b50414-9213-426f-81ad-3d812ac69e8c for image_id=8b7eb585-a1ac-472e-b0a0-fee657c21fdc tree_id=tree_003
2026-05-10 15:16:39 | INFO | Observation rebuilt: obs_id=e2449bc0-a655-42c9-8b43-8224e6358450 for annotation_id=63b50414-9213-426f-81ad-3d812ac69e8c (obs_height=3.5)
2026-05-10 15:16:39 | INFO | Auto rebuild observation done. New obs_id=e2449bc0-a655-42c9-8b43-8224e6358450
2026-05-10 15:16:44 | INFO | Opened image 25/32: D:\Users\Ekateryna\Desktop\Mag_projects\data\raw_images\Сосна 12 - 25м.JPG
2026-05-10 15:16:47 | INFO | Opened image 24/32: D:\Users\Ekateryna\Desktop\Mag_projects\data\raw_images\Сосна 12 - 20м.JPG
2026-05-10 15:16:49 | INFO | Center set: (2736, 2041)
2026-05-10 15:16:50 | INFO | Radii set: a=223.2 b=156.2
2026-05-10 15:16:50 | INFO | Theta: 5.0 deg
2026-05-10 15:16:50 | INFO | Theta: 10.0 deg
2026-05-10 15:16:50 | INFO | Theta: 15.0 deg
2026-05-10 15:16:50 | INFO | Theta: 20.0 deg
2026-05-10 15:16:50 | INFO | Theta: 25.0 deg
2026-05-10 15:16:50 | INFO | Theta: 30.0 deg
2026-05-10 15:16:51 | INFO | Theta: 35.0 deg
2026-05-10 15:16:51 | INFO | Theta: 40.0 deg
2026-05-10 15:16:51 | INFO | Theta: 45.0 deg
2026-05-10 15:16:51 | INFO | Theta: 50.0 deg
2026-05-10 15:16:51 | INFO | Theta: 55.0 deg
2026-05-10 15:16:51 | INFO | Theta: 60.0 deg
2026-05-10 15:16:51 | INFO | Radii set: a=272.9 b=191.0
2026-05-10 15:16:53 | INFO | SAVE pressed
2026-05-10 15:16:53 | INFO | Inserted annotation f04535fc-1f2a-4ee2-adc3-1b34abfccf9d for image_id=eb109f54-5e65-4b3f-838b-861f9048c612 tree_id=tree_003
2026-05-10 15:16:53 | INFO | Observation rebuilt: obs_id=a98629f6-06d3-485c-b30e-2e3941e0f843 for annotation_id=f04535fc-1f2a-4ee2-adc3-1b34abfccf9d (obs_height=20.0)
2026-05-10 15:16:53 | INFO | Auto rebuild observation done. New obs_id=a98629f6-06d3-485c-b30e-2e3941e0f843
2026-05-10 15:16:54 | INFO | Opened image 25/32: D:\Users\Ekateryna\Desktop\Mag_projects\data\raw_images\Сосна 12 - 25м.JPG
2026-05-10 15:16:55 | INFO | Center set: (2768, 2029)
2026-05-10 15:16:56 | INFO | Radii set: a=151.0 b=105.7
2026-05-10 15:16:56 | INFO | Theta: 5.0 deg
2026-05-10 15:16:56 | INFO | Theta: 10.0 deg
2026-05-10 15:16:57 | INFO | Theta: 15.0 deg
2026-05-10 15:16:57 | INFO | Theta: 20.0 deg
2026-05-10 15:16:57 | INFO | Theta: 25.0 deg
2026-05-10 15:16:57 | INFO | Theta: 30.0 deg
2026-05-10 15:16:57 | INFO | Theta: 35.0 deg
2026-05-10 15:16:57 | INFO | Theta: 40.0 deg
2026-05-10 15:16:58 | INFO | Radii set: a=163.4 b=114.4
2026-05-10 15:16:59 | INFO | SAVE pressed
2026-05-10 15:16:59 | INFO | Inserted annotation 75c5d358-7bf8-4e04-9e80-f6b9a0468124 for image_id=61f55e3c-ce1d-4cf0-897c-123610f95ad3 tree_id=tree_003
2026-05-10 15:16:59 | INFO | Observation rebuilt: obs_id=b51349b5-2306-4996-a9ee-0fb01399c814 for annotation_id=75c5d358-7bf8-4e04-9e80-f6b9a0468124 (obs_height=25.0)
2026-05-10 15:16:59 | INFO | Auto rebuild observation done. New obs_id=b51349b5-2306-4996-a9ee-0fb01399c814
2026-05-10 15:17:01 | INFO | Opened image 24/32: D:\Users\Ekateryna\Desktop\Mag_projects\data\raw_images\Сосна 12 - 20м.JPG
2026-05-10 15:17:02 | INFO | Opened image 23/32: D:\Users\Ekateryna\Desktop\Mag_projects\data\raw_images\Сосна 12 - 15м.JPG
2026-05-10 15:17:03 | INFO | Opened image 22/32: D:\Users\Ekateryna\Desktop\Mag_projects\data\raw_images\Сосна 12 - 150м.JPG
2026-05-10 15:17:07 | INFO | Center set: (2597, 1570)
2026-05-10 15:17:07 | INFO | Radii set: a=36.6 b=25.6
2026-05-10 15:17:09 | INFO | SAVE pressed
2026-05-10 15:17:09 | INFO | Inserted annotation 2c77c269-b3c9-418c-b3cd-4ce63f9b32aa for image_id=1117254d-740b-409e-ae13-9fa05bac7e6c tree_id=tree_003
2026-05-10 15:17:09 | INFO | Observation rebuilt: obs_id=b25debf6-5a9d-4a89-b39a-09b4a02b2fcb for annotation_id=2c77c269-b3c9-418c-b3cd-4ce63f9b32aa (obs_height=150.0)
2026-05-10 15:17:09 | INFO | Auto rebuild observation done. New obs_id=b25debf6-5a9d-4a89-b39a-09b4a02b2fcb
2026-05-10 15:17:11 | INFO | Opened image 23/32: D:\Users\Ekateryna\Desktop\Mag_projects\data\raw_images\Сосна 12 - 15м.JPG
2026-05-10 15:17:11 | INFO | Opened image 24/32: D:\Users\Ekateryna\Desktop\Mag_projects\data\raw_images\Сосна 12 - 20м.JPG
2026-05-10 15:17:12 | INFO | Opened image 25/32: D:\Users\Ekateryna\Desktop\Mag_projects\data\raw_images\Сосна 12 - 25м.JPG
2026-05-10 15:17:12 | INFO | Opened image 26/32: D:\Users\Ekateryna\Desktop\Mag_projects\data\raw_images\Сосна 12 - 3,5м.JPG
2026-05-10 15:17:13 | INFO | Opened image 27/32: D:\Users\Ekateryna\Desktop\Mag_projects\data\raw_images\Сосна 12 - 30м.JPG
2026-05-10 15:17:16 | INFO | Center set: (2741, 2102)
2026-05-10 15:17:16 | INFO | Radii set: a=171.1 b=119.8
2026-05-10 15:17:17 | INFO | Theta: 5.0 deg
2026-05-10 15:17:17 | INFO | Theta: 10.0 deg
2026-05-10 15:17:17 | INFO | Theta: 15.0 deg
2026-05-10 15:17:17 | INFO | Theta: 20.0 deg
2026-05-10 15:17:17 | INFO | Theta: 25.0 deg
2026-05-10 15:17:17 | INFO | Theta: 30.0 deg
2026-05-10 15:17:17 | INFO | Theta: 35.0 deg
2026-05-10 15:17:17 | INFO | Theta: 40.0 deg
2026-05-10 15:17:17 | INFO | Theta: 45.0 deg
2026-05-10 15:17:18 | INFO | Theta: 50.0 deg
2026-05-10 15:17:18 | INFO | Theta: 55.0 deg
2026-05-10 15:17:18 | INFO | Theta: 60.0 deg
2026-05-10 15:17:18 | INFO | SAVE pressed
2026-05-10 15:17:18 | INFO | Inserted annotation b28c08f8-4f2c-45a4-9037-0c1236c3850f for image_id=ace64dcb-3b3b-41c7-aa3e-5475f8341263 tree_id=tree_003
2026-05-10 15:17:19 | INFO | Observation rebuilt: obs_id=7ebe6973-bc6a-4c59-b8c8-3741db472f57 for annotation_id=b28c08f8-4f2c-45a4-9037-0c1236c3850f (obs_height=30.0)
2026-05-10 15:17:19 | INFO | Auto rebuild observation done. New obs_id=7ebe6973-bc6a-4c59-b8c8-3741db472f57
2026-05-10 15:17:19 | INFO | Opened image 28/32: D:\Users\Ekateryna\Desktop\Mag_projects\data\raw_images\Сосна 12 - 35м.JPG
2026-05-10 15:17:20 | INFO | Center set: (2795, 2114)
2026-05-10 15:17:21 | INFO | Radii set: a=139.1 b=97.4
2026-05-10 15:17:21 | INFO | Theta: 5.0 deg
2026-05-10 15:17:21 | INFO | Theta: 10.0 deg
2026-05-10 15:17:21 | INFO | Theta: 15.0 deg
2026-05-10 15:17:21 | INFO | Theta: 20.0 deg
2026-05-10 15:17:21 | INFO | Theta: 25.0 deg
2026-05-10 15:17:22 | INFO | Theta: 30.0 deg
2026-05-10 15:17:22 | INFO | Theta: 35.0 deg
2026-05-10 15:17:22 | INFO | Theta: 40.0 deg
2026-05-10 15:17:22 | INFO | SAVE pressed
2026-05-10 15:17:22 | INFO | Inserted annotation 2cf98be9-0319-4e9d-83c1-ade4e2741423 for image_id=085dbea7-0929-4b86-ac2c-5d6377128c7b tree_id=tree_003
2026-05-10 15:17:23 | INFO | Observation rebuilt: obs_id=8f5baa1d-631b-4e09-bc09-848ef10da8e0 for annotation_id=2cf98be9-0319-4e9d-83c1-ade4e2741423 (obs_height=35.0)
2026-05-10 15:17:23 | INFO | Auto rebuild observation done. New obs_id=8f5baa1d-631b-4e09-bc09-848ef10da8e0
2026-05-10 15:17:23 | INFO | Opened image 29/32: D:\Users\Ekateryna\Desktop\Mag_projects\data\raw_images\Сосна 12 - 40м.JPG
2026-05-10 15:17:24 | INFO | Center set: (2795, 2126)
2026-05-10 15:17:24 | INFO | Radii set: a=121.5 b=85.0
2026-05-10 15:17:25 | INFO | Theta: 5.0 deg
2026-05-10 15:17:25 | INFO | Theta: 10.0 deg
2026-05-10 15:17:25 | INFO | Theta: 15.0 deg
2026-05-10 15:17:25 | INFO | Theta: 20.0 deg
2026-05-10 15:17:25 | INFO | Theta: 25.0 deg
2026-05-10 15:17:25 | INFO | Theta: 30.0 deg
2026-05-10 15:17:25 | INFO | Theta: 35.0 deg
2026-05-10 15:17:25 | INFO | Theta: 40.0 deg
2026-05-10 15:17:26 | INFO | SAVE pressed
2026-05-10 15:17:26 | INFO | Inserted annotation d56aa4a4-9c28-47d8-be5f-bea0cbcf0776 for image_id=59ebb771-cdc0-4c87-b682-fb6cdb0cd063 tree_id=tree_003
2026-05-10 15:17:27 | INFO | Observation rebuilt: obs_id=11b6c667-7802-4e8c-97e9-6c6f775be550 for annotation_id=d56aa4a4-9c28-47d8-be5f-bea0cbcf0776 (obs_height=40.0)
2026-05-10 15:17:27 | INFO | Auto rebuild observation done. New obs_id=11b6c667-7802-4e8c-97e9-6c6f775be550
2026-05-10 15:17:27 | INFO | Opened image 30/32: D:\Users\Ekateryna\Desktop\Mag_projects\data\raw_images\Сосна 12 - 45м.JPG
2026-05-10 15:17:28 | INFO | Center set: (2795, 2078)
2026-05-10 15:17:29 | INFO | Radii set: a=97.0 b=67.9
2026-05-10 15:17:30 | INFO | SAVE pressed
2026-05-10 15:17:30 | INFO | Inserted annotation d912b538-0b45-4057-ad3a-9984b9f8e7e2 for image_id=7443c29f-360f-4b26-8ded-9be11979596c tree_id=tree_003
2026-05-10 15:17:31 | INFO | Observation rebuilt: obs_id=6d3d1169-48a6-4713-b8a8-168fff83ff5b for annotation_id=d912b538-0b45-4057-ad3a-9984b9f8e7e2 (obs_height=45.0)
2026-05-10 15:17:31 | INFO | Auto rebuild observation done. New obs_id=6d3d1169-48a6-4713-b8a8-168fff83ff5b
2026-05-10 15:17:31 | INFO | Opened image 31/32: D:\Users\Ekateryna\Desktop\Mag_projects\data\raw_images\Сосна 12 - 50м.JPG
2026-05-10 15:17:32 | INFO | Center set: (2805, 2096)
2026-05-10 15:17:33 | INFO | Radii set: a=79.2 b=55.4
2026-05-10 15:17:34 | INFO | Radii set: a=102.1 b=71.5
2026-05-10 15:17:35 | INFO | SAVE pressed
2026-05-10 15:17:35 | INFO | Inserted annotation b3aea81a-c58a-430c-a467-f043d7a274c5 for image_id=c1c2888a-5a83-42be-b22e-e064f6ff8925 tree_id=tree_003
2026-05-10 15:17:36 | INFO | Observation rebuilt: obs_id=549cd7d9-b1df-469b-b94a-9cdf44072a87 for annotation_id=b3aea81a-c58a-430c-a467-f043d7a274c5 (obs_height=50.0)
2026-05-10 15:17:36 | INFO | Auto rebuild observation done. New obs_id=549cd7d9-b1df-469b-b94a-9cdf44072a87
2026-05-10 15:17:36 | INFO | Opened image 32/32: D:\Users\Ekateryna\Desktop\Mag_projects\data\raw_images\Сосна 12 - 80м.JPG
2026-05-10 15:17:37 | INFO | Center set: (2789, 2144)
2026-05-10 15:17:37 | INFO | Radii set: a=84.1 b=58.9
2026-05-10 15:17:39 | INFO | SAVE pressed
2026-05-10 15:17:39 | INFO | Inserted annotation 0a531c48-6edf-4418-b44f-a3db88bcb5bc for image_id=92ab7eae-8784-4540-bf01-13a6cf0ea301 tree_id=tree_003
2026-05-10 15:17:39 | INFO | Observation rebuilt: obs_id=ed44162c-16e5-4bfc-9a84-464bc173aaa6 for annotation_id=0a531c48-6edf-4418-b44f-a3db88bcb5bc (obs_height=80.0)
2026-05-10 15:17:39 | INFO | Auto rebuild observation done. New obs_id=ed44162c-16e5-4bfc-9a84-464bc173aaa6
2026-05-10 15:17:39 | INFO | Opened image 32/32: D:\Users\Ekateryna\Desktop\Mag_projects\data\raw_images\Сосна 12 - 80м.JPG
2026-05-10 15:17:42 | INFO | Center set: (2789, 2156)
2026-05-10 15:17:44 | INFO | Radii set: a=66.9 b=46.8
2026-05-10 15:17:45 | INFO | SAVE pressed
2026-05-10 15:17:45 | INFO | Updated annotation 0a531c48-6edf-4418-b44f-a3db88bcb5bc for image_id=92ab7eae-8784-4540-bf01-13a6cf0ea301 tree_id=tree_003
2026-05-10 15:17:45 | INFO | Old observation removed for annotation 0a531c48-6edf-4418-b44f-a3db88bcb5bc
2026-05-10 15:17:45 | INFO | Observation rebuilt: obs_id=86708a08-537b-441a-aa6f-a67362d7c6c5 for annotation_id=0a531c48-6edf-4418-b44f-a3db88bcb5bc (obs_height=80.0)
2026-05-10 15:17:45 | INFO | Auto rebuild observation done. New obs_id=86708a08-537b-441a-aa6f-a67362d7c6c5
2026-05-10 15:17:45 | INFO | Opened image 32/32: D:\Users\Ekateryna\Desktop\Mag_projects\data\raw_images\Сосна 12 - 80м.JPG
2026-05-10 15:18:00 | INFO | Starting project: crown_db v0.0.1
2026-05-10 15:18:00 | INFO | Database ready: data\db\crowns.sqlite3
2026-05-10 15:18:56 | INFO | Starting project: crown_db v0.0.1
2026-05-10 15:18:56 | INFO | Database ready: data\db\crowns.sqlite3
2026-05-10 15:19:09 | INFO | Starting project: crown_db v0.0.1
2026-05-10 15:19:09 | INFO | Database ready: data\db\crowns.sqlite3
2026-05-10 15:19:09 | WARNING | Skipped (maybe duplicate): D:\Users\Ekateryna\Desktop\Mag_projects\data\raw_images\ Береза 100м.JPG | UNIQUE constraint failed: images.path
2026-05-10 15:19:09 | WARNING | Skipped (maybe duplicate): D:\Users\Ekateryna\Desktop\Mag_projects\data\raw_images\ Береза 150м.JPG | UNIQUE constraint failed: images.path
2026-05-10 15:19:09 | WARNING | Skipped (maybe duplicate): D:\Users\Ekateryna\Desktop\Mag_projects\data\raw_images\береза  45м.JPG | UNIQUE constraint failed: images.path
2026-05-10 15:19:09 | WARNING | Skipped (maybe duplicate): D:\Users\Ekateryna\Desktop\Mag_projects\data\raw_images\береза 16м.JPG | UNIQUE constraint failed: images.path
2026-05-10 15:19:09 | WARNING | Skipped (maybe duplicate): D:\Users\Ekateryna\Desktop\Mag_projects\data\raw_images\береза 25м.JPG | UNIQUE constraint failed: images.path
2026-05-10 15:19:09 | WARNING | Skipped (maybe duplicate): D:\Users\Ekateryna\Desktop\Mag_projects\data\raw_images\Береза 3  100м.JPG | UNIQUE constraint failed: images.path
2026-05-10 15:19:09 | WARNING | Skipped (maybe duplicate): D:\Users\Ekateryna\Desktop\Mag_projects\data\raw_images\Береза 3  150м.JPG | UNIQUE constraint failed: images.path
2026-05-10 15:19:09 | WARNING | Skipped (maybe duplicate): D:\Users\Ekateryna\Desktop\Mag_projects\data\raw_images\Береза 3 25м.JPG | UNIQUE constraint failed: images.path
2026-05-10 15:19:09 | WARNING | Skipped (maybe duplicate): D:\Users\Ekateryna\Desktop\Mag_projects\data\raw_images\Береза 3 30м.JPG | UNIQUE constraint failed: images.path
2026-05-10 15:19:09 | WARNING | Skipped (maybe duplicate): D:\Users\Ekateryna\Desktop\Mag_projects\data\raw_images\Береза 3 40м.JPG | UNIQUE constraint failed: images.path
2026-05-10 15:19:09 | WARNING | Skipped (maybe duplicate): D:\Users\Ekateryna\Desktop\Mag_projects\data\raw_images\Береза 3 50м.JPG | UNIQUE constraint failed: images.path
2026-05-10 15:19:09 | WARNING | Skipped (maybe duplicate): D:\Users\Ekateryna\Desktop\Mag_projects\data\raw_images\Береза 3 80м.JPG | UNIQUE constraint failed: images.path
2026-05-10 15:19:09 | WARNING | Skipped (maybe duplicate): D:\Users\Ekateryna\Desktop\Mag_projects\data\raw_images\береза 30м.JPG | UNIQUE constraint failed: images.path
2026-05-10 15:19:09 | WARNING | Skipped (maybe duplicate): D:\Users\Ekateryna\Desktop\Mag_projects\data\raw_images\береза 35м.JPG | UNIQUE constraint failed: images.path
2026-05-10 15:19:09 | WARNING | Skipped (maybe duplicate): D:\Users\Ekateryna\Desktop\Mag_projects\data\raw_images\береза 40м.JPG | UNIQUE constraint failed: images.path
2026-05-10 15:19:09 | WARNING | Skipped (maybe duplicate): D:\Users\Ekateryna\Desktop\Mag_projects\data\raw_images\Береза 50м.JPG | UNIQUE constraint failed: images.path
2026-05-10 15:19:09 | WARNING | Skipped (maybe duplicate): D:\Users\Ekateryna\Desktop\Mag_projects\data\raw_images\береза 70м.JPG | UNIQUE constraint failed: images.path
2026-05-10 15:19:09 | WARNING | Skipped (maybe duplicate): D:\Users\Ekateryna\Desktop\Mag_projects\data\raw_images\Береза 8м.JPG | UNIQUE constraint failed: images.path
2026-05-10 15:19:09 | WARNING | Skipped (maybe duplicate): D:\Users\Ekateryna\Desktop\Mag_projects\data\raw_images\Сосна 12 - 100м.JPG | UNIQUE constraint failed: images.path
2026-05-10 15:19:09 | WARNING | Skipped (maybe duplicate): D:\Users\Ekateryna\Desktop\Mag_projects\data\raw_images\Сосна 12 - 10м.JPG | UNIQUE constraint failed: images.path
2026-05-10 15:19:09 | WARNING | Skipped (maybe duplicate): D:\Users\Ekateryna\Desktop\Mag_projects\data\raw_images\Сосна 12 - 150м.JPG | UNIQUE constraint failed: images.path
2026-05-10 15:19:09 | WARNING | Skipped (maybe duplicate): D:\Users\Ekateryna\Desktop\Mag_projects\data\raw_images\Сосна 12 - 15м.JPG | UNIQUE constraint failed: images.path
2026-05-10 15:19:09 | WARNING | Skipped (maybe duplicate): D:\Users\Ekateryna\Desktop\Mag_projects\data\raw_images\Сосна 12 - 20м.JPG | UNIQUE constraint failed: images.path
2026-05-10 15:19:09 | WARNING | Skipped (maybe duplicate): D:\Users\Ekateryna\Desktop\Mag_projects\data\raw_images\Сосна 12 - 25м.JPG | UNIQUE constraint failed: images.path
2026-05-10 15:19:09 | WARNING | Skipped (maybe duplicate): D:\Users\Ekateryna\Desktop\Mag_projects\data\raw_images\Сосна 12 - 3,5м.JPG | UNIQUE constraint failed: images.path
2026-05-10 15:19:09 | WARNING | Skipped (maybe duplicate): D:\Users\Ekateryna\Desktop\Mag_projects\data\raw_images\Сосна 12 - 30м.JPG | UNIQUE constraint failed: images.path
2026-05-10 15:19:09 | WARNING | Skipped (maybe duplicate): D:\Users\Ekateryna\Desktop\Mag_projects\data\raw_images\Сосна 12 - 35м.JPG | UNIQUE constraint failed: images.path
2026-05-10 15:19:09 | WARNING | Skipped (maybe duplicate): D:\Users\Ekateryna\Desktop\Mag_projects\data\raw_images\Сосна 12 - 40м.JPG | UNIQUE constraint failed: images.path
2026-05-10 15:19:09 | WARNING | Skipped (maybe duplicate): D:\Users\Ekateryna\Desktop\Mag_projects\data\raw_images\Сосна 12 - 45м.JPG | UNIQUE constraint failed: images.path
2026-05-10 15:19:09 | WARNING | Skipped (maybe duplicate): D:\Users\Ekateryna\Desktop\Mag_projects\data\raw_images\Сосна 12 - 50м.JPG | UNIQUE constraint failed: images.path
2026-05-10 15:19:09 | WARNING | Skipped (maybe duplicate): D:\Users\Ekateryna\Desktop\Mag_projects\data\raw_images\Сосна 12 - 80м.JPG | UNIQUE constraint failed: images.path
2026-05-10 15:19:09 | INFO | Import finished. Added 0 images.
2026-05-10 15:19:17 | INFO | Starting project: crown_db v0.0.1
2026-05-10 15:19:17 | INFO | Database ready: data\db\crowns.sqlite3
2026-05-10 15:19:17 | INFO | fill_flight_altitude_from_filename: updated=0
2026-05-10 15:20:34 | INFO | Starting project: crown_db v0.0.1
2026-05-10 15:20:34 | INFO | Database ready: data\db\crowns.sqlite3
2026-05-10 15:20:34 | INFO | fill_flight_altitude_from_filename: updated=0
2026-05-10 15:20:45 | INFO | Starting project: crown_db v0.0.1
2026-05-10 15:20:45 | INFO | Database ready: data\db\crowns.sqlite3
2026-05-10 15:20:45 | INFO | Backfill obs_height done. Updated rows: 0
2026-05-10 15:20:53 | INFO | Starting project: crown_db v0.0.1
2026-05-10 15:20:53 | INFO | Database ready: data\db\crowns.sqlite3
2026-05-10 15:20:53 | INFO | build_levels done. Upserted 25 rows.
2026-05-10 15:21:01 | INFO | Starting project: crown_db v0.0.1
2026-05-10 15:21:01 | INFO | Database ready: data\db\crowns.sqlite3
2026-05-10 15:21:01 | INFO | Normalized level: tree_id=tree_002 h_level=25.0 -> data\roi_norm\tree_002_25.png
2026-05-10 15:21:01 | INFO | Normalized level: tree_id=tree_002 h_level=30.0 -> data\roi_norm\tree_002_30.png
2026-05-10 15:21:01 | INFO | Normalized level: tree_id=tree_002 h_level=40.0 -> data\roi_norm\tree_002_40.png
2026-05-10 15:21:01 | INFO | Normalized level: tree_id=tree_002 h_level=50.0 -> data\roi_norm\tree_002_50.png
2026-05-10 15:21:01 | INFO | Normalized level: tree_id=tree_002 h_level=80.0 -> data\roi_norm\tree_002_80.png
2026-05-10 15:21:01 | INFO | Normalized level: tree_id=tree_002 h_level=100.0 -> data\roi_norm\tree_002_100.png
2026-05-10 15:21:01 | INFO | Normalized level: tree_id=tree_002 h_level=150.0 -> data\roi_norm\tree_002_150.png
2026-05-10 15:21:01 | INFO | Normalized level: tree_id=tree_003 h_level=5.0 -> data\roi_norm\tree_003_5.png
2026-05-10 15:21:01 | INFO | Normalized level: tree_id=tree_003 h_level=20.0 -> data\roi_norm\tree_003_20.png
2026-05-10 15:21:01 | INFO | Normalized level: tree_id=tree_003 h_level=25.0 -> data\roi_norm\tree_003_25.png
2026-05-10 15:21:01 | INFO | Normalized level: tree_id=tree_003 h_level=150.0 -> data\roi_norm\tree_003_150.png
2026-05-10 15:21:01 | INFO | Normalized level: tree_id=tree_003 h_level=30.0 -> data\roi_norm\tree_003_30.png
2026-05-10 15:21:01 | INFO | Normalized level: tree_id=tree_003 h_level=35.0 -> data\roi_norm\tree_003_35.png
2026-05-10 15:21:01 | INFO | Normalized level: tree_id=tree_003 h_level=40.0 -> data\roi_norm\tree_003_40.png
2026-05-10 15:21:01 | INFO | Normalized level: tree_id=tree_003 h_level=45.0 -> data\roi_norm\tree_003_45.png
2026-05-10 15:21:01 | INFO | Normalized level: tree_id=tree_003 h_level=50.0 -> data\roi_norm\tree_003_50.png
2026-05-10 15:21:01 | INFO | Normalized level: tree_id=tree_003 h_level=80.0 -> data\roi_norm\tree_003_80.png
2026-05-10 15:21:02 | INFO | normalize_scale done. Processed=17
2026-05-10 15:21:10 | INFO | Starting project: crown_db v0.0.1
2026-05-10 15:21:10 | INFO | Database ready: data\db\crowns.sqlite3
2026-05-10 15:21:19 | INFO | Starting project: crown_db v0.0.1
2026-05-10 15:21:19 | INFO | Database ready: data\db\crowns.sqlite3
2026-05-10 15:21:28 | INFO | Starting project: crown_db v0.0.1
2026-05-10 15:21:28 | INFO | Database ready: data\db\crowns.sqlite3
2026-05-10 15:21:28 | INFO | Skip mask exists: annotation_id=cdb9f421-5ca3-4871-9682-72b84bbd6228
2026-05-10 15:21:28 | INFO | Skip mask exists: annotation_id=facc262e-d17e-4bad-bcab-a22ca460a558
2026-05-10 15:21:28 | INFO | Skip mask exists: annotation_id=d03d2d9d-ff95-4ed3-a662-0dc9d9ee0d64
2026-05-10 15:21:28 | INFO | Skip mask exists: annotation_id=c7cea12d-2ed6-4fde-9189-d150ce6ce814
2026-05-10 15:21:28 | INFO | Skip mask exists: annotation_id=738f18cf-0a09-42c4-b92a-e22abc38a4ec
2026-05-10 15:21:28 | INFO | Skip mask exists: annotation_id=90b31cf8-f0fa-40d1-9534-a72cea912a92
2026-05-10 15:21:28 | INFO | Skip mask exists: annotation_id=3f6e6fa8-e208-4e81-a4b6-6df86efdea1d
2026-05-10 15:21:28 | INFO | Skip mask exists: annotation_id=f3f47982-d74b-4012-b61b-c79ea30b33df
2026-05-10 15:21:28 | INFO | Skip mask exists: annotation_id=5112139e-b1d2-49c4-92c1-a18cd571da08
2026-05-10 15:21:28 | INFO | Skip mask exists: annotation_id=71887481-37f5-4dd4-82d6-64f1791927e6
2026-05-10 15:21:28 | INFO | Skip mask exists: annotation_id=3e03d6ff-d4f2-4c57-93fe-e2c07a3c4b2c
2026-05-10 15:21:29 | INFO | Ellipse mask created: annotation_id=fc4f8aea-0873-4aa1-b7bd-16e0b143275e path=data\masks\ellipse\fc4f8aea-0873-4aa1-b7bd-16e0b143275e.png
2026-05-10 15:21:29 | INFO | Ellipse mask created: annotation_id=3ea7d37a-3958-439e-b319-78d8baf5a8ef path=data\masks\ellipse\3ea7d37a-3958-439e-b319-78d8baf5a8ef.png
2026-05-10 15:21:29 | INFO | Ellipse mask created: annotation_id=b887ef2b-d8e5-4899-99a0-5ce9ab8f59ea path=data\masks\ellipse\b887ef2b-d8e5-4899-99a0-5ce9ab8f59ea.png
2026-05-10 15:21:29 | INFO | Ellipse mask created: annotation_id=ce9f047e-a9b6-4b1c-9989-636aecb77a3c path=data\masks\ellipse\ce9f047e-a9b6-4b1c-9989-636aecb77a3c.png
2026-05-10 15:21:29 | INFO | Ellipse mask created: annotation_id=65c60a8e-5345-4497-9141-4ba0e59fb021 path=data\masks\ellipse\65c60a8e-5345-4497-9141-4ba0e59fb021.png
2026-05-10 15:21:30 | INFO | Ellipse mask created: annotation_id=f104ec18-ad57-4852-bfc9-b57d8287a318 path=data\masks\ellipse\f104ec18-ad57-4852-bfc9-b57d8287a318.png
2026-05-10 15:21:30 | INFO | Ellipse mask created: annotation_id=da73f4e9-361a-444a-9a4d-d026a3aff3d3 path=data\masks\ellipse\da73f4e9-361a-444a-9a4d-d026a3aff3d3.png
2026-05-10 15:21:30 | INFO | Ellipse mask created: annotation_id=63b50414-9213-426f-81ad-3d812ac69e8c path=data\masks\ellipse\63b50414-9213-426f-81ad-3d812ac69e8c.png
2026-05-10 15:21:30 | INFO | Ellipse mask created: annotation_id=f04535fc-1f2a-4ee2-adc3-1b34abfccf9d path=data\masks\ellipse\f04535fc-1f2a-4ee2-adc3-1b34abfccf9d.png
2026-05-10 15:21:30 | INFO | Ellipse mask created: annotation_id=75c5d358-7bf8-4e04-9e80-f6b9a0468124 path=data\masks\ellipse\75c5d358-7bf8-4e04-9e80-f6b9a0468124.png
2026-05-10 15:21:31 | INFO | Ellipse mask created: annotation_id=2c77c269-b3c9-418c-b3cd-4ce63f9b32aa path=data\masks\ellipse\2c77c269-b3c9-418c-b3cd-4ce63f9b32aa.png
2026-05-10 15:21:31 | INFO | Ellipse mask created: annotation_id=b28c08f8-4f2c-45a4-9037-0c1236c3850f path=data\masks\ellipse\b28c08f8-4f2c-45a4-9037-0c1236c3850f.png
2026-05-10 15:21:31 | INFO | Ellipse mask created: annotation_id=2cf98be9-0319-4e9d-83c1-ade4e2741423 path=data\masks\ellipse\2cf98be9-0319-4e9d-83c1-ade4e2741423.png
2026-05-10 15:21:31 | INFO | Ellipse mask created: annotation_id=d56aa4a4-9c28-47d8-be5f-bea0cbcf0776 path=data\masks\ellipse\d56aa4a4-9c28-47d8-be5f-bea0cbcf0776.png
2026-05-10 15:21:31 | INFO | Ellipse mask created: annotation_id=d912b538-0b45-4057-ad3a-9984b9f8e7e2 path=data\masks\ellipse\d912b538-0b45-4057-ad3a-9984b9f8e7e2.png
2026-05-10 15:21:32 | INFO | Ellipse mask created: annotation_id=b3aea81a-c58a-430c-a467-f043d7a274c5 path=data\masks\ellipse\b3aea81a-c58a-430c-a467-f043d7a274c5.png
2026-05-10 15:21:32 | INFO | Ellipse mask created: annotation_id=0a531c48-6edf-4418-b44f-a3db88bcb5bc path=data\masks\ellipse\0a531c48-6edf-4418-b44f-a3db88bcb5bc.png
2026-05-10 15:21:40 | INFO | Starting project: crown_db v0.0.1
2026-05-10 15:21:40 | INFO | Database ready: data\db\crowns.sqlite3
2026-05-10 15:21:40 | INFO | Skip ROI mask exists: obs_id=496ca883-6dfb-42b6-b31e-849e8b35c6c9
2026-05-10 15:21:40 | INFO | Skip ROI mask exists: obs_id=2d88bc15-c233-4064-b7bf-6e029e25e5de
2026-05-10 15:21:40 | INFO | Skip ROI mask exists: obs_id=979d4be8-554b-46a2-ad99-0bffa1c91ab1
2026-05-10 15:21:40 | INFO | Skip ROI mask exists: obs_id=3b62c0c5-3a67-4db3-85ba-3486f4a7d1b3
2026-05-10 15:21:40 | INFO | Skip ROI mask exists: obs_id=10b6e64c-ec7b-431e-af5b-08a1ee418ad1
2026-05-10 15:21:40 | INFO | Skip ROI mask exists: obs_id=ec921163-4daa-4b4e-97c1-a4f774b28adc
2026-05-10 15:21:40 | INFO | Skip ROI mask exists: obs_id=d0bc7522-9a52-4d90-8eae-7fe19f068ce0
2026-05-10 15:21:40 | INFO | Skip ROI mask exists: obs_id=36656cc0-c6e7-4cc7-8923-6e2e7743e604
2026-05-10 15:21:40 | INFO | Skip ROI mask exists: obs_id=a8bef3ce-72ed-4f6b-ae02-cc3a0cfe4ee4
2026-05-10 15:21:40 | INFO | Skip ROI mask exists: obs_id=219eef2d-fd46-4686-90c2-63a82aec7f31
2026-05-10 15:21:40 | INFO | Skip ROI mask exists: obs_id=80f80e29-9794-4d60-8017-42f5ab837633
2026-05-10 15:21:40 | INFO | ROI mask created: obs_id=edd98306-480d-4015-8a4e-69b2e76016bd path=data\roi_mask_raw\edd98306-480d-4015-8a4e-69b2e76016bd.png
2026-05-10 15:21:41 | INFO | ROI mask created: obs_id=066083b9-3f6d-4815-8eeb-a255f18c6eaa path=data\roi_mask_raw\066083b9-3f6d-4815-8eeb-a255f18c6eaa.png
2026-05-10 15:21:41 | INFO | ROI mask created: obs_id=a75d6281-146b-4307-96ff-b3d9dc256050 path=data\roi_mask_raw\a75d6281-146b-4307-96ff-b3d9dc256050.png
2026-05-10 15:21:41 | INFO | ROI mask created: obs_id=6750c527-c93d-4560-8934-439a9ed0e3ab path=data\roi_mask_raw\6750c527-c93d-4560-8934-439a9ed0e3ab.png
2026-05-10 15:21:41 | INFO | ROI mask created: obs_id=20d329c1-6c31-422f-acbe-7da149cbb84d path=data\roi_mask_raw\20d329c1-6c31-422f-acbe-7da149cbb84d.png
2026-05-10 15:21:41 | INFO | ROI mask created: obs_id=3bee8af0-eb2a-47ca-8497-319d49a02c0c path=data\roi_mask_raw\3bee8af0-eb2a-47ca-8497-319d49a02c0c.png
2026-05-10 15:21:41 | INFO | ROI mask created: obs_id=d8e80eef-3a26-411d-a3f5-2aa1e24e0930 path=data\roi_mask_raw\d8e80eef-3a26-411d-a3f5-2aa1e24e0930.png
2026-05-10 15:21:41 | INFO | ROI mask created: obs_id=e2449bc0-a655-42c9-8b43-8224e6358450 path=data\roi_mask_raw\e2449bc0-a655-42c9-8b43-8224e6358450.png
2026-05-10 15:21:41 | INFO | ROI mask created: obs_id=a98629f6-06d3-485c-b30e-2e3941e0f843 path=data\roi_mask_raw\a98629f6-06d3-485c-b30e-2e3941e0f843.png
2026-05-10 15:21:41 | INFO | ROI mask created: obs_id=b51349b5-2306-4996-a9ee-0fb01399c814 path=data\roi_mask_raw\b51349b5-2306-4996-a9ee-0fb01399c814.png
2026-05-10 15:21:41 | INFO | ROI mask created: obs_id=b25debf6-5a9d-4a89-b39a-09b4a02b2fcb path=data\roi_mask_raw\b25debf6-5a9d-4a89-b39a-09b4a02b2fcb.png
2026-05-10 15:21:41 | INFO | ROI mask created: obs_id=7ebe6973-bc6a-4c59-b8c8-3741db472f57 path=data\roi_mask_raw\7ebe6973-bc6a-4c59-b8c8-3741db472f57.png
2026-05-10 15:21:42 | INFO | ROI mask created: obs_id=8f5baa1d-631b-4e09-bc09-848ef10da8e0 path=data\roi_mask_raw\8f5baa1d-631b-4e09-bc09-848ef10da8e0.png
2026-05-10 15:21:42 | INFO | ROI mask created: obs_id=11b6c667-7802-4e8c-97e9-6c6f775be550 path=data\roi_mask_raw\11b6c667-7802-4e8c-97e9-6c6f775be550.png
2026-05-10 15:21:42 | INFO | ROI mask created: obs_id=6d3d1169-48a6-4713-b8a8-168fff83ff5b path=data\roi_mask_raw\6d3d1169-48a6-4713-b8a8-168fff83ff5b.png
2026-05-10 15:21:42 | INFO | ROI mask created: obs_id=549cd7d9-b1df-469b-b94a-9cdf44072a87 path=data\roi_mask_raw\549cd7d9-b1df-469b-b94a-9cdf44072a87.png
2026-05-10 15:21:42 | INFO | ROI mask created: obs_id=86708a08-537b-441a-aa6f-a67362d7c6c5 path=data\roi_mask_raw\86708a08-537b-441a-aa6f-a67362d7c6c5.png
2026-05-10 15:21:50 | INFO | Starting project: crown_db v0.0.1
2026-05-10 15:21:50 | INFO | Database ready: data\db\crowns.sqlite3
2026-05-10 15:21:50 | INFO | Skip normalized mask exists: tree=tree_001 h=10.0
2026-05-10 15:21:50 | INFO | Skip normalized mask exists: tree=tree_001 h=15.0
2026-05-10 15:21:50 | INFO | Skip normalized mask exists: tree=tree_001 h=30.0
2026-05-10 15:21:50 | INFO | Skip normalized mask exists: tree=tree_001 h=40.0
2026-05-10 15:21:50 | INFO | Skip normalized mask exists: tree=tree_001 h=45.0
2026-05-10 15:21:50 | INFO | Skip normalized mask exists: tree=tree_001 h=50.0
2026-05-10 15:21:50 | INFO | Skip normalized mask exists: tree=tree_001 h=70.0
2026-05-10 15:21:50 | INFO | Skip normalized mask exists: tree=tree_001 h=100.0
2026-05-10 15:21:50 | INFO | Skip normalized mask exists: tree=tree_001 h=150.0
2026-05-10 15:21:50 | INFO | Normalized mask: tree=tree_002 h=25.0 -> data\roi_mask_norm\tree_002_25.png
2026-05-10 15:21:50 | INFO | Normalized mask: tree=tree_002 h=30.0 -> data\roi_mask_norm\tree_002_30.png
2026-05-10 15:21:50 | INFO | Normalized mask: tree=tree_002 h=40.0 -> data\roi_mask_norm\tree_002_40.png
2026-05-10 15:21:50 | INFO | Normalized mask: tree=tree_002 h=50.0 -> data\roi_mask_norm\tree_002_50.png
2026-05-10 15:21:50 | INFO | Normalized mask: tree=tree_002 h=80.0 -> data\roi_mask_norm\tree_002_80.png
2026-05-10 15:21:50 | INFO | Normalized mask: tree=tree_002 h=100.0 -> data\roi_mask_norm\tree_002_100.png
2026-05-10 15:21:50 | INFO | Normalized mask: tree=tree_002 h=150.0 -> data\roi_mask_norm\tree_002_150.png
2026-05-10 15:21:50 | INFO | Normalized mask: tree=tree_003 h=5.0 -> data\roi_mask_norm\tree_003_5.png
2026-05-10 15:21:50 | INFO | Normalized mask: tree=tree_003 h=20.0 -> data\roi_mask_norm\tree_003_20.png
2026-05-10 15:21:50 | INFO | Normalized mask: tree=tree_003 h=25.0 -> data\roi_mask_norm\tree_003_25.png
2026-05-10 15:21:50 | INFO | Normalized mask: tree=tree_003 h=30.0 -> data\roi_mask_norm\tree_003_30.png
2026-05-10 15:21:50 | INFO | Normalized mask: tree=tree_003 h=35.0 -> data\roi_mask_norm\tree_003_35.png
2026-05-10 15:21:50 | INFO | Normalized mask: tree=tree_003 h=40.0 -> data\roi_mask_norm\tree_003_40.png
2026-05-10 15:21:50 | INFO | Normalized mask: tree=tree_003 h=45.0 -> data\roi_mask_norm\tree_003_45.png
2026-05-10 15:21:50 | INFO | Normalized mask: tree=tree_003 h=50.0 -> data\roi_mask_norm\tree_003_50.png
2026-05-10 15:21:50 | INFO | Normalized mask: tree=tree_003 h=80.0 -> data\roi_mask_norm\tree_003_80.png
2026-05-10 15:21:50 | INFO | Normalized mask: tree=tree_003 h=150.0 -> data\roi_mask_norm\tree_003_150.png
2026-05-10 15:22:00 | INFO | Starting project: crown_db v0.0.1
2026-05-10 15:22:00 | INFO | Database ready: data\db\crowns.sqlite3
2026-05-10 15:22:00 | WARNING | No suitable source found for tree=tree_002 target_h=0.0. Try --allow-far or --src-h <height>.
2026-05-10 15:22:00 | WARNING | No suitable source found for tree=tree_002 target_h=5.0. Try --allow-far or --src-h <height>.
2026-05-10 15:22:00 | WARNING | No suitable source found for tree=tree_002 target_h=10.0. Try --allow-far or --src-h <height>.
2026-05-10 15:22:00 | WARNING | No suitable source found for tree=tree_002 target_h=15.0. Try --allow-far or --src-h <height>.
2026-05-10 15:22:00 | WARNING | No suitable source found for tree=tree_002 target_h=20.0. Try --allow-far or --src-h <height>.
2026-05-10 15:22:00 | WARNING | No suitable source found for tree=tree_002 target_h=35.0. Try --allow-far or --src-h <height>.
2026-05-10 15:22:00 | WARNING | No suitable source found for tree=tree_002 target_h=45.0. Try --allow-far or --src-h <height>.
2026-05-10 15:22:00 | WARNING | No suitable source found for tree=tree_002 target_h=55.0. Try --allow-far or --src-h <height>.
2026-05-10 15:22:00 | WARNING | No suitable source found for tree=tree_002 target_h=60.0. Try --allow-far or --src-h <height>.
2026-05-10 15:22:00 | WARNING | No suitable source found for tree=tree_002 target_h=65.0. Try --allow-far or --src-h <height>.
2026-05-10 15:22:00 | WARNING | No suitable source found for tree=tree_002 target_h=70.0. Try --allow-far or --src-h <height>.
2026-05-10 15:22:00 | WARNING | No suitable source found for tree=tree_002 target_h=75.0. Try --allow-far or --src-h <height>.
2026-05-10 15:22:00 | WARNING | No suitable source found for tree=tree_002 target_h=85.0. Try --allow-far or --src-h <height>.
2026-05-10 15:22:00 | WARNING | No suitable source found for tree=tree_002 target_h=90.0. Try --allow-far or --src-h <height>.
2026-05-10 15:22:00 | WARNING | No suitable source found for tree=tree_002 target_h=95.0. Try --allow-far or --src-h <height>.
2026-05-10 15:22:00 | WARNING | No suitable source found for tree=tree_002 target_h=125.0. Try --allow-far or --src-h <height>.
2026-05-10 15:22:15 | INFO | Starting project: crown_db v0.0.1
2026-05-10 15:22:15 | INFO | Database ready: data\db\crowns.sqlite3
2026-05-10 15:22:15 | INFO | Skip synth mask exists: tree=tree_001 h=0.0
2026-05-10 15:22:15 | INFO | Skip synth mask exists: tree=tree_001 h=5.0
2026-05-10 15:22:15 | WARNING | No synth_src_h for SYNTH level: tree=tree_001 h=20.0
2026-05-10 15:22:15 | INFO | Skip synth mask exists: tree=tree_001 h=25.0
2026-05-10 15:22:15 | WARNING | No synth_src_h for SYNTH level: tree=tree_001 h=27.0
2026-05-10 15:22:15 | INFO | Skip synth mask exists: tree=tree_001 h=35.0
2026-05-10 15:22:15 | INFO | Skip synth mask exists: tree=tree_001 h=55.0
2026-05-10 15:22:15 | INFO | Skip synth mask exists: tree=tree_001 h=60.0
2026-05-10 15:22:15 | INFO | Skip synth mask exists: tree=tree_001 h=65.0
2026-05-10 15:22:15 | INFO | Skip synth mask exists: tree=tree_001 h=75.0
2026-05-10 15:22:15 | INFO | Skip synth mask exists: tree=tree_001 h=80.0
2026-05-10 15:22:15 | INFO | Skip synth mask exists: tree=tree_001 h=85.0
2026-05-10 15:22:15 | INFO | Skip synth mask exists: tree=tree_001 h=90.0
2026-05-10 15:22:15 | INFO | Skip synth mask exists: tree=tree_001 h=95.0
2026-05-10 15:22:15 | INFO | Skip synth mask exists: tree=tree_001 h=125.0
2026-05-10 15:22:23 | INFO | Starting project: crown_db v0.0.1
2026-05-10 15:22:23 | INFO | Database ready: data\db\crowns.sqlite3
2026-05-10 15:22:31 | INFO | Starting project: crown_db v0.0.1
2026-05-10 15:22:31 | INFO | Database ready: data\db\crowns.sqlite3
2026-05-10 15:22:40 | INFO | Starting project: crown_db v0.0.1
2026-05-10 15:22:40 | INFO | Database ready: data\db\crowns.sqlite3
2026-05-10 15:22:50 | INFO | Starting project: crown_db v0.0.1
2026-05-10 15:22:50 | INFO | Database ready: data\db\crowns.sqlite3
2026-05-10 15:22:50 | WARNING | No suitable source found for tree=tree_003 target_h=0.0. Try --allow-far or --src-h <height>.
2026-05-10 15:22:50 | WARNING | No suitable source found for tree=tree_003 target_h=10.0. Try --allow-far or --src-h <height>.
2026-05-10 15:22:50 | WARNING | No suitable source found for tree=tree_003 target_h=15.0. Try --allow-far or --src-h <height>.
2026-05-10 15:22:50 | WARNING | No suitable source found for tree=tree_003 target_h=55.0. Try --allow-far or --src-h <height>.
2026-05-10 15:22:50 | WARNING | No suitable source found for tree=tree_003 target_h=60.0. Try --allow-far or --src-h <height>.
2026-05-10 15:22:50 | WARNING | No suitable source found for tree=tree_003 target_h=65.0. Try --allow-far or --src-h <height>.
2026-05-10 15:22:50 | WARNING | No suitable source found for tree=tree_003 target_h=70.0. Try --allow-far or --src-h <height>.
2026-05-10 15:22:50 | WARNING | No suitable source found for tree=tree_003 target_h=75.0. Try --allow-far or --src-h <height>.
2026-05-10 15:22:50 | WARNING | No suitable source found for tree=tree_003 target_h=85.0. Try --allow-far or --src-h <height>.
2026-05-10 15:22:50 | WARNING | No suitable source found for tree=tree_003 target_h=90.0. Try --allow-far or --src-h <height>.
2026-05-10 15:22:50 | WARNING | No suitable source found for tree=tree_003 target_h=95.0. Try --allow-far or --src-h <height>.
2026-05-10 15:22:50 | WARNING | No suitable source found for tree=tree_003 target_h=100.0. Try --allow-far or --src-h <height>.
2026-05-10 15:22:50 | WARNING | No suitable source found for tree=tree_003 target_h=125.0. Try --allow-far or --src-h <height>.
2026-05-10 15:23:01 | INFO | Starting project: crown_db v0.0.1
2026-05-10 15:23:01 | INFO | Database ready: data\db\crowns.sqlite3
2026-05-10 15:23:10 | INFO | Starting project: crown_db v0.0.1
2026-05-10 15:23:10 | INFO | Database ready: data\db\crowns.sqlite3
2026-05-10 15:23:19 | INFO | Starting project: crown_db v0.0.1
2026-05-10 15:23:19 | INFO | Database ready: data\db\crowns.sqlite3
2026-05-10 15:23:27 | INFO | Starting project: crown_db v0.0.1
2026-05-10 15:23:27 | INFO | Database ready: data\db\crowns.sqlite3
2026-05-10 15:23:34 | INFO | Starting project: crown_db v0.0.1
2026-05-10 15:23:34 | INFO | Database ready: data\db\crowns.sqlite3
2026-05-10 15:24:59 | INFO | Starting project: crown_db v0.0.1
2026-05-10 15:24:59 | INFO | Database ready: data\db\crowns.sqlite3
2026-05-10 15:24:59 | INFO | Skip mask exists: annotation_id=cdb9f421-5ca3-4871-9682-72b84bbd6228
2026-05-10 15:24:59 | INFO | Skip mask exists: annotation_id=facc262e-d17e-4bad-bcab-a22ca460a558
2026-05-10 15:24:59 | INFO | Skip mask exists: annotation_id=d03d2d9d-ff95-4ed3-a662-0dc9d9ee0d64
2026-05-10 15:24:59 | INFO | Skip mask exists: annotation_id=c7cea12d-2ed6-4fde-9189-d150ce6ce814
2026-05-10 15:24:59 | INFO | Skip mask exists: annotation_id=738f18cf-0a09-42c4-b92a-e22abc38a4ec
2026-05-10 15:24:59 | INFO | Skip mask exists: annotation_id=90b31cf8-f0fa-40d1-9534-a72cea912a92
2026-05-10 15:24:59 | INFO | Skip mask exists: annotation_id=3f6e6fa8-e208-4e81-a4b6-6df86efdea1d
2026-05-10 15:24:59 | INFO | Skip mask exists: annotation_id=f3f47982-d74b-4012-b61b-c79ea30b33df
2026-05-10 15:24:59 | INFO | Skip mask exists: annotation_id=5112139e-b1d2-49c4-92c1-a18cd571da08
2026-05-10 15:24:59 | INFO | Skip mask exists: annotation_id=71887481-37f5-4dd4-82d6-64f1791927e6
2026-05-10 15:24:59 | INFO | Skip mask exists: annotation_id=3e03d6ff-d4f2-4c57-93fe-e2c07a3c4b2c
2026-05-10 15:24:59 | INFO | Skip mask exists: annotation_id=fc4f8aea-0873-4aa1-b7bd-16e0b143275e
2026-05-10 15:24:59 | INFO | Skip mask exists: annotation_id=3ea7d37a-3958-439e-b319-78d8baf5a8ef
2026-05-10 15:24:59 | INFO | Skip mask exists: annotation_id=b887ef2b-d8e5-4899-99a0-5ce9ab8f59ea
2026-05-10 15:24:59 | INFO | Skip mask exists: annotation_id=ce9f047e-a9b6-4b1c-9989-636aecb77a3c
2026-05-10 15:24:59 | INFO | Skip mask exists: annotation_id=65c60a8e-5345-4497-9141-4ba0e59fb021
2026-05-10 15:24:59 | INFO | Skip mask exists: annotation_id=f104ec18-ad57-4852-bfc9-b57d8287a318
2026-05-10 15:24:59 | INFO | Skip mask exists: annotation_id=da73f4e9-361a-444a-9a4d-d026a3aff3d3
2026-05-10 15:24:59 | INFO | Skip mask exists: annotation_id=63b50414-9213-426f-81ad-3d812ac69e8c
2026-05-10 15:24:59 | INFO | Skip mask exists: annotation_id=f04535fc-1f2a-4ee2-adc3-1b34abfccf9d
2026-05-10 15:24:59 | INFO | Skip mask exists: annotation_id=75c5d358-7bf8-4e04-9e80-f6b9a0468124
2026-05-10 15:24:59 | INFO | Skip mask exists: annotation_id=2c77c269-b3c9-418c-b3cd-4ce63f9b32aa
2026-05-10 15:24:59 | INFO | Skip mask exists: annotation_id=b28c08f8-4f2c-45a4-9037-0c1236c3850f
2026-05-10 15:24:59 | INFO | Skip mask exists: annotation_id=2cf98be9-0319-4e9d-83c1-ade4e2741423
2026-05-10 15:24:59 | INFO | Skip mask exists: annotation_id=d56aa4a4-9c28-47d8-be5f-bea0cbcf0776
2026-05-10 15:24:59 | INFO | Skip mask exists: annotation_id=d912b538-0b45-4057-ad3a-9984b9f8e7e2
2026-05-10 15:24:59 | INFO | Skip mask exists: annotation_id=b3aea81a-c58a-430c-a467-f043d7a274c5
2026-05-10 15:24:59 | INFO | Skip mask exists: annotation_id=0a531c48-6edf-4418-b44f-a3db88bcb5bc
2026-05-10 15:25:08 | INFO | Starting project: crown_db v0.0.1
2026-05-10 15:25:08 | INFO | Database ready: data\db\crowns.sqlite3
2026-05-10 15:25:08 | INFO | Skip ROI mask exists: obs_id=496ca883-6dfb-42b6-b31e-849e8b35c6c9
2026-05-10 15:25:08 | INFO | Skip ROI mask exists: obs_id=2d88bc15-c233-4064-b7bf-6e029e25e5de
2026-05-10 15:25:08 | INFO | Skip ROI mask exists: obs_id=979d4be8-554b-46a2-ad99-0bffa1c91ab1
2026-05-10 15:25:08 | INFO | Skip ROI mask exists: obs_id=3b62c0c5-3a67-4db3-85ba-3486f4a7d1b3
2026-05-10 15:25:08 | INFO | Skip ROI mask exists: obs_id=10b6e64c-ec7b-431e-af5b-08a1ee418ad1
2026-05-10 15:25:08 | INFO | Skip ROI mask exists: obs_id=ec921163-4daa-4b4e-97c1-a4f774b28adc
2026-05-10 15:25:08 | INFO | Skip ROI mask exists: obs_id=d0bc7522-9a52-4d90-8eae-7fe19f068ce0
2026-05-10 15:25:08 | INFO | Skip ROI mask exists: obs_id=36656cc0-c6e7-4cc7-8923-6e2e7743e604
2026-05-10 15:25:08 | INFO | Skip ROI mask exists: obs_id=a8bef3ce-72ed-4f6b-ae02-cc3a0cfe4ee4
2026-05-10 15:25:08 | INFO | Skip ROI mask exists: obs_id=219eef2d-fd46-4686-90c2-63a82aec7f31
2026-05-10 15:25:08 | INFO | Skip ROI mask exists: obs_id=80f80e29-9794-4d60-8017-42f5ab837633
2026-05-10 15:25:08 | INFO | Skip ROI mask exists: obs_id=edd98306-480d-4015-8a4e-69b2e76016bd
2026-05-10 15:25:08 | INFO | Skip ROI mask exists: obs_id=066083b9-3f6d-4815-8eeb-a255f18c6eaa
2026-05-10 15:25:08 | INFO | Skip ROI mask exists: obs_id=a75d6281-146b-4307-96ff-b3d9dc256050
2026-05-10 15:25:08 | INFO | Skip ROI mask exists: obs_id=6750c527-c93d-4560-8934-439a9ed0e3ab
2026-05-10 15:25:08 | INFO | Skip ROI mask exists: obs_id=20d329c1-6c31-422f-acbe-7da149cbb84d
2026-05-10 15:25:08 | INFO | Skip ROI mask exists: obs_id=3bee8af0-eb2a-47ca-8497-319d49a02c0c
2026-05-10 15:25:08 | INFO | Skip ROI mask exists: obs_id=d8e80eef-3a26-411d-a3f5-2aa1e24e0930
2026-05-10 15:25:08 | INFO | Skip ROI mask exists: obs_id=e2449bc0-a655-42c9-8b43-8224e6358450
2026-05-10 15:25:08 | INFO | Skip ROI mask exists: obs_id=a98629f6-06d3-485c-b30e-2e3941e0f843
2026-05-10 15:25:08 | INFO | Skip ROI mask exists: obs_id=b51349b5-2306-4996-a9ee-0fb01399c814
2026-05-10 15:25:08 | INFO | Skip ROI mask exists: obs_id=b25debf6-5a9d-4a89-b39a-09b4a02b2fcb
2026-05-10 15:25:08 | INFO | Skip ROI mask exists: obs_id=7ebe6973-bc6a-4c59-b8c8-3741db472f57
2026-05-10 15:25:08 | INFO | Skip ROI mask exists: obs_id=8f5baa1d-631b-4e09-bc09-848ef10da8e0
2026-05-10 15:25:08 | INFO | Skip ROI mask exists: obs_id=11b6c667-7802-4e8c-97e9-6c6f775be550
2026-05-10 15:25:08 | INFO | Skip ROI mask exists: obs_id=6d3d1169-48a6-4713-b8a8-168fff83ff5b
2026-05-10 15:25:08 | INFO | Skip ROI mask exists: obs_id=549cd7d9-b1df-469b-b94a-9cdf44072a87
2026-05-10 15:25:08 | INFO | Skip ROI mask exists: obs_id=86708a08-537b-441a-aa6f-a67362d7c6c5
2026-05-10 15:25:16 | INFO | Starting project: crown_db v0.0.1
2026-05-10 15:25:16 | INFO | Database ready: data\db\crowns.sqlite3
2026-05-10 15:25:16 | INFO | Skip normalized mask exists: tree=tree_001 h=10.0
2026-05-10 15:25:16 | INFO | Skip normalized mask exists: tree=tree_001 h=15.0
2026-05-10 15:25:16 | INFO | Skip normalized mask exists: tree=tree_001 h=30.0
2026-05-10 15:25:16 | INFO | Skip normalized mask exists: tree=tree_001 h=40.0
2026-05-10 15:25:16 | INFO | Skip normalized mask exists: tree=tree_001 h=45.0
2026-05-10 15:25:16 | INFO | Skip normalized mask exists: tree=tree_001 h=50.0
2026-05-10 15:25:16 | INFO | Skip normalized mask exists: tree=tree_001 h=70.0
2026-05-10 15:25:16 | INFO | Skip normalized mask exists: tree=tree_001 h=100.0
2026-05-10 15:25:16 | INFO | Skip normalized mask exists: tree=tree_001 h=150.0
2026-05-10 15:25:16 | INFO | Skip normalized mask exists: tree=tree_002 h=25.0
2026-05-10 15:25:16 | INFO | Skip normalized mask exists: tree=tree_002 h=30.0
2026-05-10 15:25:16 | INFO | Skip normalized mask exists: tree=tree_002 h=40.0
2026-05-10 15:25:16 | INFO | Skip normalized mask exists: tree=tree_002 h=50.0
2026-05-10 15:25:16 | INFO | Skip normalized mask exists: tree=tree_002 h=80.0
2026-05-10 15:25:16 | INFO | Skip normalized mask exists: tree=tree_002 h=100.0
2026-05-10 15:25:16 | INFO | Skip normalized mask exists: tree=tree_002 h=150.0
2026-05-10 15:25:16 | INFO | Skip normalized mask exists: tree=tree_003 h=5.0
2026-05-10 15:25:16 | INFO | Skip normalized mask exists: tree=tree_003 h=20.0
2026-05-10 15:25:16 | INFO | Skip normalized mask exists: tree=tree_003 h=25.0
2026-05-10 15:25:16 | INFO | Skip normalized mask exists: tree=tree_003 h=30.0
2026-05-10 15:25:16 | INFO | Skip normalized mask exists: tree=tree_003 h=35.0
2026-05-10 15:25:16 | INFO | Skip normalized mask exists: tree=tree_003 h=40.0
2026-05-10 15:25:16 | INFO | Skip normalized mask exists: tree=tree_003 h=45.0
2026-05-10 15:25:16 | INFO | Skip normalized mask exists: tree=tree_003 h=50.0
2026-05-10 15:25:16 | INFO | Skip normalized mask exists: tree=tree_003 h=80.0
2026-05-10 15:25:16 | INFO | Skip normalized mask exists: tree=tree_003 h=150.0
2026-05-10 15:25:24 | INFO | Starting project: crown_db v0.0.1
2026-05-10 15:25:24 | INFO | Database ready: data\db\crowns.sqlite3
2026-05-10 15:25:24 | WARNING | No suitable source found for tree=tree_002 target_h=0.0. Try --allow-far or --src-h <height>.
2026-05-10 15:25:24 | WARNING | No suitable source found for tree=tree_002 target_h=5.0. Try --allow-far or --src-h <height>.
2026-05-10 15:25:24 | WARNING | No suitable source found for tree=tree_002 target_h=10.0. Try --allow-far or --src-h <height>.
2026-05-10 15:25:24 | WARNING | No suitable source found for tree=tree_002 target_h=15.0. Try --allow-far or --src-h <height>.
2026-05-10 15:25:24 | WARNING | No suitable source found for tree=tree_002 target_h=20.0. Try --allow-far or --src-h <height>.
2026-05-10 15:25:24 | WARNING | No suitable source found for tree=tree_002 target_h=35.0. Try --allow-far or --src-h <height>.
2026-05-10 15:25:24 | WARNING | No suitable source found for tree=tree_002 target_h=45.0. Try --allow-far or --src-h <height>.
2026-05-10 15:25:24 | WARNING | No suitable source found for tree=tree_002 target_h=55.0. Try --allow-far or --src-h <height>.
2026-05-10 15:25:24 | WARNING | No suitable source found for tree=tree_002 target_h=60.0. Try --allow-far or --src-h <height>.
2026-05-10 15:25:24 | WARNING | No suitable source found for tree=tree_002 target_h=65.0. Try --allow-far or --src-h <height>.
2026-05-10 15:25:25 | WARNING | No suitable source found for tree=tree_002 target_h=70.0. Try --allow-far or --src-h <height>.
2026-05-10 15:25:25 | WARNING | No suitable source found for tree=tree_002 target_h=75.0. Try --allow-far or --src-h <height>.
2026-05-10 15:25:25 | WARNING | No suitable source found for tree=tree_002 target_h=85.0. Try --allow-far or --src-h <height>.
2026-05-10 15:25:25 | WARNING | No suitable source found for tree=tree_002 target_h=90.0. Try --allow-far or --src-h <height>.
2026-05-10 15:25:25 | WARNING | No suitable source found for tree=tree_002 target_h=95.0. Try --allow-far or --src-h <height>.
2026-05-10 15:25:25 | WARNING | No suitable source found for tree=tree_002 target_h=125.0. Try --allow-far or --src-h <height>.
2026-05-10 15:25:32 | INFO | Starting project: crown_db v0.0.1
2026-05-10 15:25:32 | INFO | Database ready: data\db\crowns.sqlite3
2026-05-10 15:25:32 | WARNING | No suitable source found for tree=tree_003 target_h=0.0. Try --allow-far or --src-h <height>.
2026-05-10 15:25:32 | WARNING | No suitable source found for tree=tree_003 target_h=10.0. Try --allow-far or --src-h <height>.
2026-05-10 15:25:32 | WARNING | No suitable source found for tree=tree_003 target_h=15.0. Try --allow-far or --src-h <height>.
2026-05-10 15:25:32 | WARNING | No suitable source found for tree=tree_003 target_h=55.0. Try --allow-far or --src-h <height>.
2026-05-10 15:25:32 | WARNING | No suitable source found for tree=tree_003 target_h=60.0. Try --allow-far or --src-h <height>.
2026-05-10 15:25:32 | WARNING | No suitable source found for tree=tree_003 target_h=65.0. Try --allow-far or --src-h <height>.
2026-05-10 15:25:32 | WARNING | No suitable source found for tree=tree_003 target_h=70.0. Try --allow-far or --src-h <height>.
2026-05-10 15:25:32 | WARNING | No suitable source found for tree=tree_003 target_h=75.0. Try --allow-far or --src-h <height>.
2026-05-10 15:25:32 | WARNING | No suitable source found for tree=tree_003 target_h=85.0. Try --allow-far or --src-h <height>.
2026-05-10 15:25:32 | WARNING | No suitable source found for tree=tree_003 target_h=90.0. Try --allow-far or --src-h <height>.
2026-05-10 15:25:32 | WARNING | No suitable source found for tree=tree_003 target_h=95.0. Try --allow-far or --src-h <height>.
2026-05-10 15:25:32 | WARNING | No suitable source found for tree=tree_003 target_h=100.0. Try --allow-far or --src-h <height>.
2026-05-10 15:25:32 | WARNING | No suitable source found for tree=tree_003 target_h=125.0. Try --allow-far or --src-h <height>.
2026-05-10 15:25:43 | INFO | Starting project: crown_db v0.0.1
2026-05-10 15:25:43 | INFO | Database ready: data\db\crowns.sqlite3
2026-05-10 15:25:43 | INFO | Skip synth mask exists: tree=tree_001 h=0.0
2026-05-10 15:25:43 | INFO | Skip synth mask exists: tree=tree_001 h=5.0
2026-05-10 15:25:43 | WARNING | No synth_src_h for SYNTH level: tree=tree_001 h=20.0
2026-05-10 15:25:43 | INFO | Skip synth mask exists: tree=tree_001 h=25.0
2026-05-10 15:25:43 | WARNING | No synth_src_h for SYNTH level: tree=tree_001 h=27.0
2026-05-10 15:25:43 | INFO | Skip synth mask exists: tree=tree_001 h=35.0
2026-05-10 15:25:43 | INFO | Skip synth mask exists: tree=tree_001 h=55.0
2026-05-10 15:25:43 | INFO | Skip synth mask exists: tree=tree_001 h=60.0
2026-05-10 15:25:43 | INFO | Skip synth mask exists: tree=tree_001 h=65.0
2026-05-10 15:25:43 | INFO | Skip synth mask exists: tree=tree_001 h=75.0
2026-05-10 15:25:43 | INFO | Skip synth mask exists: tree=tree_001 h=80.0
2026-05-10 15:25:43 | INFO | Skip synth mask exists: tree=tree_001 h=85.0
2026-05-10 15:25:43 | INFO | Skip synth mask exists: tree=tree_001 h=90.0
2026-05-10 15:25:43 | INFO | Skip synth mask exists: tree=tree_001 h=95.0
2026-05-10 15:25:43 | INFO | Skip synth mask exists: tree=tree_001 h=125.0
2026-05-10 15:29:32 | INFO | Starting project: crown_db v0.0.1
2026-05-10 15:29:32 | INFO | Database ready: data\db\crowns.sqlite3
2026-05-10 15:29:40 | INFO | Pix2Pix synth done: tree=tree_002 A=25.0 -> B=0.0 saved=data\roi_norm\tree_002_0_pix2pix_from_25.png
2026-05-10 15:29:41 | INFO | Pix2Pix synth done: tree=tree_002 A=25.0 -> B=5.0 saved=data\roi_norm\tree_002_5_pix2pix_from_25.png
2026-05-10 15:29:42 | INFO | Pix2Pix synth done: tree=tree_002 A=25.0 -> B=10.0 saved=data\roi_norm\tree_002_10_pix2pix_from_25.png
2026-05-10 15:29:42 | INFO | Pix2Pix synth done: tree=tree_002 A=25.0 -> B=15.0 saved=data\roi_norm\tree_002_15_pix2pix_from_25.png
2026-05-10 15:29:43 | INFO | Pix2Pix synth done: tree=tree_002 A=25.0 -> B=20.0 saved=data\roi_norm\tree_002_20_pix2pix_from_25.png
2026-05-10 15:29:44 | INFO | Pix2Pix synth done: tree=tree_002 A=30.0 -> B=35.0 saved=data\roi_norm\tree_002_35_pix2pix_from_30.png
2026-05-10 15:29:44 | INFO | Pix2Pix synth done: tree=tree_002 A=40.0 -> B=45.0 saved=data\roi_norm\tree_002_45_pix2pix_from_40.png
2026-05-10 15:29:45 | INFO | Pix2Pix synth done: tree=tree_002 A=50.0 -> B=55.0 saved=data\roi_norm\tree_002_55_pix2pix_from_50.png
2026-05-10 15:29:46 | INFO | Pix2Pix synth done: tree=tree_002 A=50.0 -> B=60.0 saved=data\roi_norm\tree_002_60_pix2pix_from_50.png
2026-05-10 15:29:46 | INFO | Pix2Pix synth done: tree=tree_002 A=50.0 -> B=65.0 saved=data\roi_norm\tree_002_65_pix2pix_from_50.png
2026-05-10 15:29:47 | INFO | Pix2Pix synth done: tree=tree_002 A=80.0 -> B=70.0 saved=data\roi_norm\tree_002_70_pix2pix_from_80.png
2026-05-10 15:29:47 | INFO | Pix2Pix synth done: tree=tree_002 A=80.0 -> B=75.0 saved=data\roi_norm\tree_002_75_pix2pix_from_80.png
2026-05-10 15:29:48 | INFO | Pix2Pix synth done: tree=tree_002 A=80.0 -> B=85.0 saved=data\roi_norm\tree_002_85_pix2pix_from_80.png
2026-05-10 15:29:49 | INFO | Pix2Pix synth done: tree=tree_002 A=80.0 -> B=90.0 saved=data\roi_norm\tree_002_90_pix2pix_from_80.png
2026-05-10 15:29:50 | INFO | Pix2Pix synth done: tree=tree_002 A=100.0 -> B=95.0 saved=data\roi_norm\tree_002_95_pix2pix_from_100.png
2026-05-10 15:29:51 | INFO | Pix2Pix synth done: tree=tree_002 A=100.0 -> B=125.0 saved=data\roi_norm\tree_002_125_pix2pix_from_100.png
2026-05-10 15:30:01 | INFO | Starting project: crown_db v0.0.1
2026-05-10 15:30:01 | INFO | Database ready: data\db\crowns.sqlite3
2026-05-10 15:30:02 | INFO | Pix2Pix synth done: tree=tree_003 A=5.0 -> B=0.0 saved=data\roi_norm\tree_003_0_pix2pix_from_5.png
2026-05-10 15:30:03 | INFO | Pix2Pix synth done: tree=tree_003 A=5.0 -> B=10.0 saved=data\roi_norm\tree_003_10_pix2pix_from_5.png
2026-05-10 15:30:04 | INFO | Pix2Pix synth done: tree=tree_003 A=20.0 -> B=15.0 saved=data\roi_norm\tree_003_15_pix2pix_from_20.png
2026-05-10 15:30:05 | INFO | Pix2Pix synth done: tree=tree_003 A=50.0 -> B=55.0 saved=data\roi_norm\tree_003_55_pix2pix_from_50.png
2026-05-10 15:30:06 | INFO | Pix2Pix synth done: tree=tree_003 A=50.0 -> B=60.0 saved=data\roi_norm\tree_003_60_pix2pix_from_50.png
2026-05-10 15:30:07 | INFO | Pix2Pix synth done: tree=tree_003 A=50.0 -> B=65.0 saved=data\roi_norm\tree_003_65_pix2pix_from_50.png
2026-05-10 15:30:07 | INFO | Pix2Pix synth done: tree=tree_003 A=80.0 -> B=70.0 saved=data\roi_norm\tree_003_70_pix2pix_from_80.png
2026-05-10 15:30:08 | INFO | Pix2Pix synth done: tree=tree_003 A=80.0 -> B=75.0 saved=data\roi_norm\tree_003_75_pix2pix_from_80.png
2026-05-10 15:30:10 | INFO | Pix2Pix synth done: tree=tree_003 A=80.0 -> B=85.0 saved=data\roi_norm\tree_003_85_pix2pix_from_80.png
2026-05-10 15:30:10 | INFO | Pix2Pix synth done: tree=tree_003 A=80.0 -> B=90.0 saved=data\roi_norm\tree_003_90_pix2pix_from_80.png
2026-05-10 15:30:11 | INFO | Pix2Pix synth done: tree=tree_003 A=80.0 -> B=95.0 saved=data\roi_norm\tree_003_95_pix2pix_from_80.png
2026-05-10 15:30:12 | INFO | Pix2Pix synth done: tree=tree_003 A=150.0 -> B=100.0 saved=data\roi_norm\tree_003_100_pix2pix_from_150.png
2026-05-10 15:30:13 | INFO | Pix2Pix synth done: tree=tree_003 A=150.0 -> B=125.0 saved=data\roi_norm\tree_003_125_pix2pix_from_150.png
2026-05-10 15:30:50 | INFO | Starting project: crown_db v0.0.1
2026-05-10 15:30:50 | INFO | Database ready: data\db\crowns.sqlite3
2026-05-10 15:30:50 | INFO | Skip synth mask exists: tree=tree_001 h=0.0
2026-05-10 15:30:50 | INFO | Skip synth mask exists: tree=tree_001 h=5.0
2026-05-10 15:30:50 | WARNING | No synth_src_h for SYNTH level: tree=tree_001 h=20.0
2026-05-10 15:30:50 | INFO | Skip synth mask exists: tree=tree_001 h=25.0
2026-05-10 15:30:50 | WARNING | No synth_src_h for SYNTH level: tree=tree_001 h=27.0
2026-05-10 15:30:50 | INFO | Skip synth mask exists: tree=tree_001 h=35.0
2026-05-10 15:30:50 | INFO | Skip synth mask exists: tree=tree_001 h=55.0
2026-05-10 15:30:50 | INFO | Skip synth mask exists: tree=tree_001 h=60.0
2026-05-10 15:30:50 | INFO | Skip synth mask exists: tree=tree_001 h=65.0
2026-05-10 15:30:50 | INFO | Skip synth mask exists: tree=tree_001 h=75.0
2026-05-10 15:30:50 | INFO | Skip synth mask exists: tree=tree_001 h=80.0
2026-05-10 15:30:50 | INFO | Skip synth mask exists: tree=tree_001 h=85.0
2026-05-10 15:30:50 | INFO | Skip synth mask exists: tree=tree_001 h=90.0
2026-05-10 15:30:50 | INFO | Skip synth mask exists: tree=tree_001 h=95.0
2026-05-10 15:30:50 | INFO | Skip synth mask exists: tree=tree_001 h=125.0
2026-05-10 15:30:50 | INFO | Synth mask created: tree=tree_002 h=0.0 from 25.0 -> data\roi_mask_norm\tree_002_0_synth_mask_from_25.png
2026-05-10 15:30:50 | INFO | Synth mask created: tree=tree_002 h=5.0 from 25.0 -> data\roi_mask_norm\tree_002_5_synth_mask_from_25.png
2026-05-10 15:30:50 | INFO | Synth mask created: tree=tree_002 h=10.0 from 25.0 -> data\roi_mask_norm\tree_002_10_synth_mask_from_25.png
2026-05-10 15:30:50 | INFO | Synth mask created: tree=tree_002 h=15.0 from 25.0 -> data\roi_mask_norm\tree_002_15_synth_mask_from_25.png
2026-05-10 15:30:50 | INFO | Synth mask created: tree=tree_002 h=20.0 from 25.0 -> data\roi_mask_norm\tree_002_20_synth_mask_from_25.png
2026-05-10 15:30:50 | INFO | Synth mask created: tree=tree_002 h=35.0 from 30.0 -> data\roi_mask_norm\tree_002_35_synth_mask_from_30.png
2026-05-10 15:30:50 | INFO | Synth mask created: tree=tree_002 h=45.0 from 40.0 -> data\roi_mask_norm\tree_002_45_synth_mask_from_40.png
2026-05-10 15:30:50 | INFO | Synth mask created: tree=tree_002 h=55.0 from 50.0 -> data\roi_mask_norm\tree_002_55_synth_mask_from_50.png
2026-05-10 15:30:50 | INFO | Synth mask created: tree=tree_002 h=60.0 from 50.0 -> data\roi_mask_norm\tree_002_60_synth_mask_from_50.png
2026-05-10 15:30:50 | INFO | Synth mask created: tree=tree_002 h=65.0 from 50.0 -> data\roi_mask_norm\tree_002_65_synth_mask_from_50.png
2026-05-10 15:30:50 | INFO | Synth mask created: tree=tree_002 h=70.0 from 80.0 -> data\roi_mask_norm\tree_002_70_synth_mask_from_80.png
2026-05-10 15:30:50 | INFO | Synth mask created: tree=tree_002 h=75.0 from 80.0 -> data\roi_mask_norm\tree_002_75_synth_mask_from_80.png
2026-05-10 15:30:50 | INFO | Synth mask created: tree=tree_002 h=85.0 from 80.0 -> data\roi_mask_norm\tree_002_85_synth_mask_from_80.png
2026-05-10 15:30:50 | INFO | Synth mask created: tree=tree_002 h=90.0 from 80.0 -> data\roi_mask_norm\tree_002_90_synth_mask_from_80.png
2026-05-10 15:30:50 | INFO | Synth mask created: tree=tree_002 h=95.0 from 100.0 -> data\roi_mask_norm\tree_002_95_synth_mask_from_100.png
2026-05-10 15:30:50 | INFO | Synth mask created: tree=tree_002 h=125.0 from 100.0 -> data\roi_mask_norm\tree_002_125_synth_mask_from_100.png
2026-05-10 15:30:50 | INFO | Synth mask created: tree=tree_003 h=0.0 from 5.0 -> data\roi_mask_norm\tree_003_0_synth_mask_from_5.png
2026-05-10 15:30:50 | INFO | Synth mask created: tree=tree_003 h=10.0 from 5.0 -> data\roi_mask_norm\tree_003_10_synth_mask_from_5.png
2026-05-10 15:30:50 | INFO | Synth mask created: tree=tree_003 h=15.0 from 20.0 -> data\roi_mask_norm\tree_003_15_synth_mask_from_20.png
2026-05-10 15:30:50 | INFO | Synth mask created: tree=tree_003 h=55.0 from 50.0 -> data\roi_mask_norm\tree_003_55_synth_mask_from_50.png
2026-05-10 15:30:50 | INFO | Synth mask created: tree=tree_003 h=60.0 from 50.0 -> data\roi_mask_norm\tree_003_60_synth_mask_from_50.png
2026-05-10 15:30:50 | INFO | Synth mask created: tree=tree_003 h=65.0 from 50.0 -> data\roi_mask_norm\tree_003_65_synth_mask_from_50.png
2026-05-10 15:30:50 | INFO | Synth mask created: tree=tree_003 h=70.0 from 80.0 -> data\roi_mask_norm\tree_003_70_synth_mask_from_80.png
2026-05-10 15:30:50 | INFO | Synth mask created: tree=tree_003 h=75.0 from 80.0 -> data\roi_mask_norm\tree_003_75_synth_mask_from_80.png
2026-05-10 15:30:50 | INFO | Synth mask created: tree=tree_003 h=85.0 from 80.0 -> data\roi_mask_norm\tree_003_85_synth_mask_from_80.png
2026-05-10 15:30:50 | INFO | Synth mask created: tree=tree_003 h=90.0 from 80.0 -> data\roi_mask_norm\tree_003_90_synth_mask_from_80.png
2026-05-10 15:30:50 | INFO | Synth mask created: tree=tree_003 h=95.0 from 80.0 -> data\roi_mask_norm\tree_003_95_synth_mask_from_80.png
2026-05-10 15:30:50 | INFO | Synth mask created: tree=tree_003 h=100.0 from 150.0 -> data\roi_mask_norm\tree_003_100_synth_mask_from_150.png
2026-05-10 15:30:50 | INFO | Synth mask created: tree=tree_003 h=125.0 from 150.0 -> data\roi_mask_norm\tree_003_125_synth_mask_from_150.png
2026-05-10 15:30:58 | INFO | Starting project: crown_db v0.0.1
2026-05-10 15:30:58 | INFO | Database ready: data\db\crowns.sqlite3
2026-05-10 15:31:06 | INFO | Starting project: crown_db v0.0.1
2026-05-10 15:31:06 | INFO | Database ready: data\db\crowns.sqlite3
2026-05-10 15:31:13 | INFO | Starting project: crown_db v0.0.1
2026-05-10 15:31:13 | INFO | Database ready: data\db\crowns.sqlite3
2026-05-10 15:31:20 | INFO | Starting project: crown_db v0.0.1
2026-05-10 15:31:20 | INFO | Database ready: data\db\crowns.sqlite3
2026-05-10 15:31:28 | INFO | Starting project: crown_db v0.0.1
2026-05-10 15:31:28 | INFO | Database ready: data\db\crowns.sqlite3
2026-05-10 15:31:37 | INFO | Starting project: crown_db v0.0.1
2026-05-10 15:31:37 | INFO | Database ready: data\db\crowns.sqlite3
2026-05-10 15:31:49 | INFO | Starting project: crown_db v0.0.1
2026-05-10 15:31:49 | INFO | Database ready: data\db\crowns.sqlite3
2026-05-10 15:31:56 | INFO | Starting project: crown_db v0.0.1
2026-05-10 15:31:56 | INFO | Database ready: data\db\crowns.sqlite3
2026-05-10 15:33:15 | INFO | Starting project: crown_db v0.0.1
2026-05-10 15:33:15 | INFO | Database ready: data\db\crowns.sqlite3
2026-05-10 15:36:13 | INFO | Starting project: crown_db v0.0.1
2026-05-10 15:36:13 | INFO | Database ready: data\db\crowns.sqlite3
2026-05-10 15:43:56 | INFO | Starting project: crown_db v0.0.1
2026-05-10 15:43:56 | INFO | Database ready: data\db\crowns.sqlite3
2026-05-10 15:51:33 | INFO | Starting project: crown_db v0.0.1
2026-05-10 15:51:33 | INFO | Database ready: data\db\crowns.sqlite3
2026-05-10 15:54:05 | INFO | Starting project: crown_db v0.0.1
2026-05-10 15:54:05 | INFO | Database ready: data\db\crowns.sqlite3
2026-05-10 15:54:05 | INFO | Using device: cpu
2026-05-10 16:05:01 | INFO | Starting project: crown_db v0.0.1
2026-05-10 16:05:01 | INFO | Database ready: data\db\crowns.sqlite3
2026-05-10 16:05:34 | INFO | Starting project: crown_db v0.0.1
2026-05-10 16:05:34 | INFO | Database ready: data\db\crowns.sqlite3
2026-05-10 16:14:35 | INFO | Starting project: crown_db v0.0.1
2026-05-10 16:14:35 | INFO | Database ready: data\db\crowns.sqlite3
2026-05-10 16:14:35 | INFO | Using device: cpu
2026-05-10 16:18:16 | INFO | Starting project: crown_db v0.0.1
2026-05-10 16:18:16 | INFO | Database ready: data\db\crowns.sqlite3
2026-05-10 16:18:16 | INFO | Using device: cpu
2026-05-10 16:19:43 | INFO | Epoch 1 done. Saved checkpoints.
2026-05-10 16:21:05 | INFO | Epoch 2 done. Saved checkpoints.
2026-05-10 16:22:31 | INFO | Epoch 3 done. Saved checkpoints.
2026-05-10 16:23:55 | INFO | Epoch 4 done. Saved checkpoints.
2026-05-10 16:25:18 | INFO | Epoch 5 done. Saved checkpoints.
2026-05-10 16:26:40 | INFO | Epoch 6 done. Saved checkpoints.
2026-05-10 16:28:03 | INFO | Epoch 7 done. Saved checkpoints.
2026-05-10 16:29:25 | INFO | Epoch 8 done. Saved checkpoints.
2026-05-10 16:30:47 | INFO | Epoch 9 done. Saved checkpoints.
2026-05-10 16:32:09 | INFO | Epoch 10 done. Saved checkpoints.
2026-05-10 16:33:31 | INFO | Epoch 11 done. Saved checkpoints.
2026-05-10 16:34:53 | INFO | Epoch 12 done. Saved checkpoints.
2026-05-10 16:36:15 | INFO | Epoch 13 done. Saved checkpoints.
2026-05-10 16:37:36 | INFO | Epoch 14 done. Saved checkpoints.
2026-05-10 16:38:56 | INFO | Epoch 15 done. Saved checkpoints.
2026-05-10 16:38:56 | INFO | Training finished. Output: D:\Users\Ekateryna\Desktop\Mag_projects\data\pix2pix_runs\run_cpu_2
